Run 'mamba init' to be able to run mamba activate/deactivate
and start a new shell session. Or use conda to activate/deactivate.

Files merged, running cluster
| 20260505 14:35:26.719 | INFO | Snapshot : (Legend) % CPU / Threads / ResMem GiB
| 20260505 14:35:26.719 | INFO | Effective commandline : cluster2 results/preprocessing/S_alpinus/All_tissues.flnc.bam results/preprocessing/S_alpinus/All_tissues.cluster.bam
| 20260505 14:35:26.719 | INFO | Version               : 4.3.0 (commit v4.3.0)
| 20260505 14:35:26.719 | INFO | Options 
| 20260505 14:35:26.719 | INFO | - CPU threads         : 80
| 20260505 14:35:26.719 | INFO | - Sorting threads     : 80
| 20260505 14:35:26.719 | INFO | - Kmer size           : 17
| 20260505 14:35:26.719 | INFO | - Merge rounds        : 2
| 20260505 14:35:26.719 | INFO | - 5' overhang         : 100
| 20260505 14:35:26.719 | INFO | - 3' overhang         : 30
| 20260505 14:35:26.719 | INFO | - 5' errors           : 5
| 20260505 14:35:26.719 | INFO | - 3' errors           : 10
| 20260505 14:35:26.719 | INFO | - 5' non-match window : 10
| 20260505 14:35:26.719 | INFO | - 3' non-match window : 10
| 20260505 14:35:26.719 | INFO | - Max gaps            : 5
| 20260505 14:35:26.719 | INFO | - Gap window          : 20
| 20260505 14:35:26.719 | INFO | - Max consensus cov   : 50
| 20260505 14:35:26.719 | INFO | - Deduplicate         : True
| 20260505 14:35:26.719 | INFO | - Break clusters      : True
| 20260505 14:35:26.719 | INFO | - Break consensus     : True
| 20260505 14:35:26.719 | INFO | - Output singletons   : False
| 20260505 14:35:26.719 | INFO | - POA intermediate    : False
| 20260505 14:35:26.719 | INFO | - POA final           : True
| 20260505 14:35:26.719 | INFO | - Use QVs for POA     : False
| 20260505 14:35:26.719 | INFO | Snapshot : 0.0% / 3T / 0.0G
| 20260505 14:35:26.733 | INFO | Temp file name        : /scr/patienza/tmp/tmp.2213463.bam
| 20260505 14:35:26.733 | INFO | Get offsets
| 20260505 14:35:31.720 | INFO | Snapshot : 774.6% / 84T / 0.1G
| 20260505 14:35:36.720 | INFO | Snapshot : 774.4% / 84T / 0.1G
| 20260505 14:35:41.720 | INFO | Snapshot : 735.6% / 84T / 0.1G
| 20260505 14:35:46.720 | INFO | Snapshot : 732.4% / 84T / 0.2G
| 20260505 14:35:51.719 | INFO | Snapshot : 760.7% / 84T / 0.2G
| 20260505 14:35:56.719 | INFO | Snapshot : 770.4% / 84T / 0.2G
| 20260505 14:36:01.720 | INFO | Snapshot : 758.6% / 84T / 0.2G
| 20260505 14:36:06.720 | INFO | Snapshot : 765.0% / 84T / 0.2G
| 20260505 14:36:11.720 | INFO | Snapshot : 782.2% / 84T / 0.2G
| 20260505 14:36:16.720 | INFO | Snapshot : 819.4% / 84T / 0.2G
| 20260505 14:36:21.719 | INFO | Snapshot : 798.3% / 84T / 0.2G
| 20260505 14:36:25.980 | INFO | Get offsets           : 59s 246ms 
| 20260505 14:36:25.980 | INFO | Consolidate offsets
| 20260505 14:36:26.070 | INFO | Consolidate offsets   : 90ms 191us 
| 20260505 14:36:26.070 | INFO | Sorting
| 20260505 14:36:26.463 | INFO | Sorting               : 392ms 871us 
| 20260505 14:36:26.519 | INFO | Write sorted
| 20260505 14:36:26.721 | INFO | Snapshot : 751.2% / 165T / 0.7G
| 20260505 14:36:31.722 | INFO | Snapshot : 1254.4% / 165T / 0.7G
| 20260505 14:36:36.720 | INFO | Snapshot : 1325.1% / 165T / 0.7G
| 20260505 14:36:41.720 | INFO | Snapshot : 1376.5% / 165T / 0.8G
| 20260505 14:36:46.722 | INFO | Snapshot : 1554.0% / 165T / 0.8G
| 20260505 14:36:51.721 | INFO | Snapshot : 1287.9% / 165T / 0.8G
| 20260505 14:36:56.721 | INFO | Snapshot : 1624.5% / 165T / 0.8G
| 20260505 14:37:01.729 | INFO | Snapshot : 1698.0% / 165T / 0.8G
| 20260505 14:37:06.723 | INFO | Snapshot : 1414.1% / 165T / 0.8G
| 20260505 14:37:11.720 | INFO | Snapshot : 1499.9% / 165T / 0.8G
| 20260505 14:37:16.729 | INFO | Snapshot : 1643.0% / 165T / 0.8G
| 20260505 14:37:21.720 | INFO | Snapshot : 1532.0% / 165T / 0.8G
| 20260505 14:37:26.719 | INFO | Snapshot : 1709.5% / 165T / 0.8G
| 20260505 14:37:31.720 | INFO | Snapshot : 1685.9% / 165T / 0.8G
| 20260505 14:37:36.721 | INFO | Snapshot : 1470.3% / 165T / 0.8G
| 20260505 14:37:41.726 | INFO | Snapshot : 1725.2% / 165T / 0.8G
| 20260505 14:37:46.726 | INFO | Snapshot : 1585.4% / 165T / 0.8G
| 20260505 14:37:51.722 | INFO | Snapshot : 1525.1% / 165T / 0.8G
| 20260505 14:37:56.723 | INFO | Snapshot : 1828.8% / 165T / 0.8G
| 20260505 14:38:01.737 | INFO | Snapshot : 1603.0% / 165T / 0.8G
| 20260505 14:38:06.720 | INFO | Snapshot : 1661.2% / 165T / 0.8G
| 20260505 14:38:11.726 | INFO | Snapshot : 1709.8% / 165T / 0.8G
| 20260505 14:38:16.719 | INFO | Snapshot : 1951.5% / 165T / 0.8G
| 20260505 14:38:21.720 | INFO | Snapshot : 1726.7% / 165T / 0.8G
| 20260505 14:38:26.722 | INFO | Snapshot : 1833.3% / 165T / 0.8G
| 20260505 14:38:31.720 | INFO | Snapshot : 1851.0% / 165T / 0.8G
| 20260505 14:38:36.720 | INFO | Snapshot : 1811.9% / 165T / 0.8G
| 20260505 14:38:41.730 | INFO | Snapshot : 1740.7% / 165T / 0.8G
| 20260505 14:38:46.723 | INFO | Snapshot : 2061.7% / 165T / 0.8G
| 20260505 14:38:51.720 | INFO | Snapshot : 1792.6% / 165T / 0.8G
| 20260505 14:38:56.726 | INFO | Snapshot : 1871.7% / 165T / 0.8G
| 20260505 14:39:01.723 | INFO | Snapshot : 1817.2% / 165T / 0.8G
| 20260505 14:39:06.721 | INFO | Snapshot : 1869.1% / 165T / 0.8G
| 20260505 14:39:11.720 | INFO | Snapshot : 1750.9% / 165T / 0.8G
| 20260505 14:39:16.720 | INFO | Snapshot : 2007.3% / 165T / 0.8G
| 20260505 14:39:21.719 | INFO | Snapshot : 2053.3% / 165T / 0.8G
| 20260505 14:39:26.720 | INFO | Snapshot : 1947.1% / 165T / 0.8G
| 20260505 14:39:31.727 | INFO | Snapshot : 1928.7% / 165T / 0.8G
| 20260505 14:39:36.720 | INFO | Snapshot : 2112.7% / 165T / 0.8G
| 20260505 14:39:41.728 | INFO | Snapshot : 2118.7% / 165T / 0.8G
| 20260505 14:39:46.720 | INFO | Snapshot : 1902.6% / 165T / 0.8G
| 20260505 14:39:51.727 | INFO | Snapshot : 1960.7% / 165T / 0.8G
| 20260505 14:39:56.722 | INFO | Snapshot : 1954.6% / 165T / 0.8G
| 20260505 14:40:01.724 | INFO | Snapshot : 2047.4% / 165T / 0.8G
| 20260505 14:40:06.719 | INFO | Snapshot : 2113.2% / 165T / 0.8G
| 20260505 14:40:11.727 | INFO | Snapshot : 1994.7% / 165T / 0.8G
| 20260505 14:40:16.728 | INFO | Snapshot : 1966.3% / 165T / 0.8G
| 20260505 14:40:21.720 | INFO | Snapshot : 2074.8% / 165T / 0.8G
| 20260505 14:40:26.729 | INFO | Snapshot : 2148.9% / 165T / 0.8G
| 20260505 14:40:31.720 | INFO | Snapshot : 2265.2% / 165T / 0.8G
| 20260505 14:40:36.726 | INFO | Snapshot : 2162.5% / 165T / 0.8G
| 20260505 14:40:41.720 | INFO | Snapshot : 1982.9% / 165T / 0.8G
| 20260505 14:40:46.720 | INFO | Snapshot : 1882.3% / 165T / 0.8G
| 20260505 14:40:51.722 | INFO | Snapshot : 2026.6% / 165T / 0.8G
| 20260505 14:40:56.722 | INFO | Snapshot : 2123.7% / 165T / 0.8G
| 20260505 14:41:01.724 | INFO | Snapshot : 2147.7% / 165T / 0.8G
| 20260505 14:41:06.726 | INFO | Snapshot : 2062.7% / 165T / 0.8G
| 20260505 14:41:11.722 | INFO | Snapshot : 2115.8% / 165T / 0.8G
| 20260505 14:41:16.720 | INFO | Snapshot : 2105.8% / 165T / 0.8G
| 20260505 14:41:21.723 | INFO | Snapshot : 2177.6% / 165T / 0.8G
| 20260505 14:41:26.720 | INFO | Snapshot : 2053.8% / 165T / 0.8G
| 20260505 14:41:31.720 | INFO | Snapshot : 2258.2% / 165T / 0.8G
| 20260505 14:41:36.719 | INFO | Snapshot : 2237.2% / 165T / 0.8G
| 20260505 14:41:41.734 | INFO | Snapshot : 2205.0% / 165T / 0.8G
| 20260505 14:41:46.721 | INFO | Snapshot : 2261.4% / 165T / 0.8G
| 20260505 14:41:51.725 | INFO | Snapshot : 2206.2% / 165T / 0.8G
| 20260505 14:41:56.719 | INFO | Snapshot : 2140.9% / 165T / 0.8G
| 20260505 14:42:01.725 | INFO | Snapshot : 2324.7% / 165T / 0.8G
| 20260505 14:42:06.720 | INFO | Snapshot : 2220.9% / 165T / 0.8G
| 20260505 14:42:11.720 | INFO | Snapshot : 2120.3% / 165T / 0.8G
| 20260505 14:42:16.719 | INFO | Snapshot : 2097.4% / 165T / 0.8G
| 20260505 14:42:21.726 | INFO | Snapshot : 2212.6% / 165T / 0.8G
| 20260505 14:42:26.724 | INFO | Snapshot : 2280.7% / 165T / 0.8G
| 20260505 14:42:31.720 | INFO | Snapshot : 2171.9% / 165T / 0.8G
| 20260505 14:42:36.720 | INFO | Snapshot : 2298.5% / 165T / 0.8G
| 20260505 14:42:41.728 | INFO | Snapshot : 2290.9% / 165T / 0.8G
| 20260505 14:42:46.721 | INFO | Snapshot : 2198.1% / 165T / 0.8G
| 20260505 14:42:51.720 | INFO | Snapshot : 2361.8% / 165T / 0.8G
| 20260505 14:42:56.721 | INFO | Snapshot : 2286.7% / 165T / 0.8G
| 20260505 14:43:01.724 | INFO | Snapshot : 2247.0% / 165T / 0.8G
| 20260505 14:43:06.720 | INFO | Snapshot : 2342.2% / 165T / 0.8G
| 20260505 14:43:11.720 | INFO | Snapshot : 2266.3% / 165T / 0.8G
| 20260505 14:43:16.720 | INFO | Snapshot : 2206.9% / 165T / 0.8G
| 20260505 14:43:21.719 | INFO | Snapshot : 2302.4% / 165T / 0.8G
| 20260505 14:43:26.719 | INFO | Snapshot : 2242.1% / 165T / 0.8G
| 20260505 14:43:31.721 | INFO | Snapshot : 2313.7% / 165T / 0.8G
| 20260505 14:43:36.720 | INFO | Snapshot : 2224.6% / 165T / 0.8G
| 20260505 14:43:41.720 | INFO | Snapshot : 2192.1% / 165T / 0.8G
| 20260505 14:43:46.725 | INFO | Snapshot : 2101.8% / 165T / 0.8G
| 20260505 14:43:51.722 | INFO | Snapshot : 2335.0% / 165T / 0.8G
| 20260505 14:43:56.720 | INFO | Snapshot : 2344.3% / 165T / 0.8G
| 20260505 14:44:01.720 | INFO | Snapshot : 2367.7% / 165T / 0.8G
| 20260505 14:44:06.721 | INFO | Snapshot : 2378.2% / 165T / 0.8G
| 20260505 14:44:11.726 | INFO | Snapshot : 2343.3% / 165T / 0.8G
| 20260505 14:44:16.719 | INFO | Snapshot : 2276.1% / 165T / 0.8G
| 20260505 14:44:21.719 | INFO | Snapshot : 2380.9% / 165T / 0.8G
| 20260505 14:44:26.724 | INFO | Snapshot : 2368.6% / 165T / 0.8G
| 20260505 14:44:31.725 | INFO | Snapshot : 2373.0% / 165T / 0.8G
| 20260505 14:44:32.592 | INFO | Write sorted          : 8m 6s 
| 20260505 14:44:32.711 | INFO | Dedup
| 20260505 14:44:36.721 | INFO | Snapshot : 2240.0% / 164T / 0.7G
| 20260505 14:44:41.724 | INFO | Snapshot : 2288.1% / 164T / 0.8G
| 20260505 14:44:46.721 | INFO | Snapshot : 2274.8% / 164T / 1.0G
| 20260505 14:44:51.725 | INFO | Snapshot : 2307.8% / 164T / 1.3G
| 20260505 14:44:56.720 | INFO | Snapshot : 2272.6% / 164T / 1.4G
| 20260505 14:45:01.720 | INFO | Snapshot : 2249.7% / 164T / 1.4G
| 20260505 14:45:06.719 | INFO | Snapshot : 2259.8% / 164T / 1.4G
| 20260505 14:45:10.701 | INFO | Dedup                 : 37s 989ms 
| 20260505 14:45:11.720 | INFO | Snapshot : 1816.5% / 83T / 1.5G
| 20260505 14:45:12.114 | INFO | Clustering
| 20260505 14:45:16.720 | INFO | Snapshot : 1027.2% / 164T / 1.5G
| 20260505 14:45:21.720 | INFO | Snapshot : 1453.9% / 164T / 1.6G
| 20260505 14:45:26.720 | INFO | Snapshot : 1577.9% / 164T / 1.6G
| 20260505 14:45:31.720 | INFO | Snapshot : 1556.0% / 164T / 1.6G
| 20260505 14:45:36.720 | INFO | Snapshot : 1504.5% / 164T / 1.6G
| 20260505 14:45:41.720 | INFO | Snapshot : 1687.9% / 164T / 1.6G
| 20260505 14:45:46.719 | INFO | Snapshot : 1479.0% / 164T / 1.6G
| 20260505 14:45:51.719 | INFO | Snapshot : 1583.5% / 164T / 1.6G
| 20260505 14:45:56.727 | INFO | Snapshot : 1546.8% / 164T / 1.6G
| 20260505 14:46:01.720 | INFO | Snapshot : 1598.8% / 164T / 1.6G
| 20260505 14:46:06.720 | INFO | Snapshot : 1485.7% / 164T / 1.6G
| 20260505 14:46:11.721 | INFO | Snapshot : 1454.8% / 164T / 1.6G
| 20260505 14:46:16.720 | INFO | Snapshot : 1515.4% / 164T / 1.6G
| 20260505 14:46:21.721 | INFO | Snapshot : 1611.4% / 164T / 1.6G
| 20260505 14:46:26.720 | INFO | Snapshot : 1553.6% / 164T / 1.6G
| 20260505 14:46:31.720 | INFO | Snapshot : 1471.5% / 164T / 1.7G
| 20260505 14:46:36.719 | INFO | Snapshot : 1596.8% / 164T / 1.7G
| 20260505 14:46:41.719 | INFO | Snapshot : 1509.2% / 164T / 1.7G
| 20260505 14:46:46.720 | INFO | Snapshot : 1423.8% / 164T / 1.7G
| 20260505 14:46:51.720 | INFO | Snapshot : 1532.1% / 164T / 1.7G
| 20260505 14:46:56.726 | INFO | Snapshot : 1501.7% / 164T / 1.8G
| 20260505 14:47:01.720 | INFO | Snapshot : 1410.2% / 164T / 1.8G
| 20260505 14:47:06.721 | INFO | Snapshot : 1643.9% / 164T / 1.8G
| 20260505 14:47:11.720 | INFO | Snapshot : 1392.2% / 164T / 1.9G
| 20260505 14:47:16.720 | INFO | Snapshot : 1584.3% / 164T / 1.9G
| 20260505 14:47:21.720 | INFO | Snapshot : 1438.0% / 164T / 1.9G
| 20260505 14:47:26.719 | INFO | Snapshot : 1610.9% / 164T / 1.9G
| 20260505 14:47:29.754 | INFO | Clustering            : 2m 17s 
| 20260505 14:47:31.720 | INFO | Snapshot : 759.6% / 83T / 1.9G
| 20260505 14:47:31.890 | INFO | Merge clusters
| 20260505 14:47:36.720 | INFO | Snapshot : 99.8% / 3T / 2.8G
| 20260505 14:47:39.077 | INFO | Clustering            : 7s 187ms 
| 20260505 14:47:39.079 | INFO | Break coarse clusters
| 20260505 14:47:41.720 | INFO | Snapshot : 1316.3% / 164T / 2.4G
| 20260505 14:47:46.719 | INFO | Snapshot : 1980.1% / 164T / 2.5G
| 20260505 14:47:51.720 | INFO | Snapshot : 0.2% / 164T / 2.5G
| 20260505 14:47:56.721 | INFO | Snapshot : 1683.0% / 164T / 2.5G
| 20260505 14:48:01.721 | INFO | Snapshot : 2518.2% / 164T / 2.5G
| 20260505 14:48:06.721 | INFO | Snapshot : 2519.2% / 164T / 2.6G
| 20260505 14:48:11.721 | INFO | Snapshot : 2500.4% / 164T / 2.6G
| 20260505 14:48:16.722 | INFO | Snapshot : 2412.9% / 164T / 2.6G
| 20260505 14:48:21.721 | INFO | Snapshot : 2544.5% / 164T / 2.6G
| 20260505 14:48:26.721 | INFO | Snapshot : 2542.2% / 164T / 2.6G
| 20260505 14:48:31.725 | INFO | Snapshot : 2537.2% / 164T / 2.6G
| 20260505 14:48:36.721 | INFO | Snapshot : 2506.0% / 164T / 2.6G
| 20260505 14:48:41.728 | INFO | Snapshot : 2530.0% / 164T / 2.6G
| 20260505 14:48:46.721 | INFO | Snapshot : 2516.1% / 164T / 2.6G
| 20260505 14:48:51.721 | INFO | Snapshot : 2512.0% / 164T / 2.6G
| 20260505 14:48:56.725 | INFO | Snapshot : 2469.8% / 164T / 2.6G
| 20260505 14:49:01.721 | INFO | Snapshot : 2283.6% / 164T / 2.6G
| 20260505 14:49:06.721 | INFO | Snapshot : 2464.8% / 164T / 2.6G
| 20260505 14:49:11.721 | INFO | Snapshot : 2469.0% / 164T / 2.6G
| 20260505 14:49:16.722 | INFO | Snapshot : 2458.1% / 164T / 2.6G
| 20260505 14:49:21.730 | INFO | Snapshot : 2450.3% / 164T / 2.6G
| 20260505 14:49:26.720 | INFO | Snapshot : 2276.2% / 164T / 2.6G
| 20260505 14:49:31.720 | INFO | Snapshot : 2236.1% / 164T / 2.6G
| 20260505 14:49:36.722 | INFO | Snapshot : 2189.9% / 164T / 2.6G
| 20260505 14:49:41.727 | INFO | Snapshot : 2395.1% / 164T / 2.6G
| 20260505 14:49:46.720 | INFO | Snapshot : 2154.5% / 164T / 2.6G
| 20260505 14:49:51.720 | INFO | Snapshot : 2132.0% / 164T / 2.7G
| 20260505 14:49:56.728 | INFO | Snapshot : 2401.4% / 164T / 2.8G
| 20260505 14:50:01.720 | INFO | Snapshot : 2339.9% / 164T / 2.8G
| 20260505 14:50:06.721 | INFO | Snapshot : 2158.1% / 164T / 2.8G
| 20260505 14:50:11.720 | INFO | Snapshot : 2277.4% / 164T / 2.9G
| 20260505 14:50:16.720 | INFO | Snapshot : 2225.5% / 164T / 2.9G
| 20260505 14:50:21.724 | INFO | Snapshot : 2164.2% / 164T / 2.9G
| 20260505 14:50:26.721 | INFO | Snapshot : 2153.3% / 164T / 2.9G
| 20260505 14:50:31.725 | INFO | Snapshot : 2218.8% / 164T / 2.9G
| 20260505 14:50:36.719 | INFO | Snapshot : 2045.0% / 164T / 2.9G
| 20260505 14:50:41.719 | INFO | Snapshot : 1951.1% / 164T / 2.9G
| 20260505 14:50:46.721 | INFO | Snapshot : 1957.3% / 164T / 2.9G
| 20260505 14:50:51.720 | INFO | Snapshot : 1898.5% / 164T / 2.9G
| 20260505 14:50:56.720 | INFO | Snapshot : 2111.7% / 164T / 2.9G
| 20260505 14:51:01.719 | INFO | Snapshot : 1959.1% / 164T / 3.0G
| 20260505 14:51:04.846 | INFO | Break coarse clusters : 3m 25s 
| 20260505 14:51:06.538 | INFO | Break again
| 20260505 14:51:06.719 | INFO | Snapshot : 722.0% / 164T / 2.8G
| 20260505 14:51:11.730 | INFO | Snapshot : 2447.0% / 164T / 2.8G
| 20260505 14:51:16.721 | INFO | Snapshot : 2459.6% / 164T / 2.8G
| 20260505 14:51:21.721 | INFO | Snapshot : 2535.2% / 164T / 2.8G
| 20260505 14:51:26.724 | INFO | Snapshot : 2504.7% / 164T / 2.8G
| 20260505 14:51:31.721 | INFO | Snapshot : 2481.3% / 164T / 2.9G
| 20260505 14:51:36.721 | INFO | Snapshot : 2540.0% / 164T / 2.9G
| 20260505 14:51:41.729 | INFO | Snapshot : 2523.6% / 164T / 2.8G
| 20260505 14:51:46.720 | INFO | Snapshot : 2490.6% / 164T / 2.8G
| 20260505 14:51:51.725 | INFO | Snapshot : 2503.7% / 164T / 2.8G
| 20260505 14:51:56.721 | INFO | Snapshot : 2444.0% / 164T / 2.8G
| 20260505 14:52:01.720 | INFO | Snapshot : 2521.8% / 164T / 2.8G
| 20260505 14:52:06.721 | INFO | Snapshot : 2490.2% / 164T / 2.8G
| 20260505 14:52:11.720 | INFO | Snapshot : 2499.6% / 164T / 2.8G
| 20260505 14:52:16.728 | INFO | Snapshot : 2505.9% / 164T / 2.8G
| 20260505 14:52:21.721 | INFO | Snapshot : 2506.3% / 164T / 2.8G
| 20260505 14:52:26.721 | INFO | Snapshot : 2431.6% / 164T / 2.8G
| 20260505 14:52:31.730 | INFO | Snapshot : 2365.1% / 164T / 2.9G
| 20260505 14:52:36.721 | INFO | Snapshot : 2324.8% / 164T / 2.8G
| 20260505 14:52:41.720 | INFO | Snapshot : 2358.8% / 164T / 2.9G
| 20260505 14:52:46.721 | INFO | Snapshot : 2305.0% / 164T / 2.8G
| 20260505 14:52:51.724 | INFO | Snapshot : 2500.1% / 164T / 2.8G
| 20260505 14:52:56.720 | INFO | Snapshot : 2392.5% / 164T / 2.8G
| 20260505 14:53:01.720 | INFO | Snapshot : 2459.7% / 164T / 2.8G
| 20260505 14:53:06.727 | INFO | Snapshot : 2438.1% / 164T / 2.8G
| 20260505 14:53:11.721 | INFO | Snapshot : 2359.8% / 164T / 2.8G
| 20260505 14:53:16.721 | INFO | Snapshot : 2389.0% / 164T / 2.8G
| 20260505 14:53:21.731 | INFO | Snapshot : 2398.0% / 164T / 2.8G
| 20260505 14:53:26.720 | INFO | Snapshot : 2319.2% / 164T / 2.9G
| 20260505 14:53:31.720 | INFO | Snapshot : 2429.7% / 164T / 2.9G
| 20260505 14:53:36.721 | INFO | Snapshot : 2383.1% / 164T / 3.0G
| 20260505 14:53:41.721 | INFO | Snapshot : 2400.6% / 164T / 3.1G
| 20260505 14:53:46.728 | INFO | Snapshot : 2456.4% / 164T / 3.2G
| 20260505 14:53:51.720 | INFO | Snapshot : 2431.0% / 164T / 3.2G
| 20260505 14:53:56.721 | INFO | Snapshot : 2427.8% / 164T / 3.2G
| 20260505 14:54:01.720 | INFO | Snapshot : 2429.4% / 164T / 3.2G
| 20260505 14:54:06.721 | INFO | Snapshot : 2289.6% / 164T / 3.2G
| 20260505 14:54:11.730 | INFO | Snapshot : 2301.1% / 164T / 3.2G
| 20260505 14:54:16.731 | INFO | Snapshot : 2333.7% / 164T / 3.2G
| 20260505 14:54:21.720 | INFO | Snapshot : 2354.1% / 164T / 3.3G
| 20260505 14:54:26.723 | INFO | Snapshot : 2391.2% / 164T / 3.3G
| 20260505 14:54:31.720 | INFO | Snapshot : 2202.1% / 164T / 3.3G
| 20260505 14:54:36.720 | INFO | Snapshot : 2277.1% / 164T / 3.3G
| 20260505 14:54:41.720 | INFO | Snapshot : 2320.7% / 164T / 3.3G
| 20260505 14:54:46.720 | INFO | Snapshot : 2245.2% / 164T / 3.3G
| 20260505 14:54:51.728 | INFO | Snapshot : 2419.7% / 164T / 3.3G
| 20260505 14:54:56.720 | INFO | Snapshot : 2374.3% / 164T / 3.3G
| 20260505 14:55:01.721 | INFO | Snapshot : 2286.2% / 164T / 3.3G
| 20260505 14:55:06.725 | INFO | Snapshot : 2231.4% / 164T / 3.3G
| 20260505 14:55:11.721 | INFO | Snapshot : 2291.0% / 164T / 3.3G
| 20260505 14:55:16.728 | INFO | Snapshot : 2365.3% / 164T / 3.3G
| 20260505 14:55:21.729 | INFO | Snapshot : 2328.9% / 164T / 3.3G
| 20260505 14:55:26.720 | INFO | Snapshot : 535.9% / 85T / 3.3G
| 20260505 14:55:31.720 | INFO | Snapshot : 99.6% / 85T / 3.3G
| 20260505 14:55:34.035 | INFO | Break again           : 4m 27s 
| 20260505 14:55:35.698 | INFO | Consensus
| 20260505 14:55:36.719 | INFO | Snapshot : 343.1% / 164T / 3.2G
| 20260505 14:55:41.723 | INFO | Snapshot : 1714.1% / 164T / 3.4G
| 20260505 14:55:46.720 | INFO | Snapshot : 1611.9% / 164T / 3.9G
| 20260505 14:55:51.720 | INFO | Snapshot : 1673.5% / 164T / 4.5G
| 20260505 14:55:56.719 | INFO | Snapshot : 1507.6% / 164T / 4.9G
| 20260505 14:56:01.719 | INFO | Snapshot : 1582.5% / 164T / 5.4G
| 20260505 14:56:06.727 | INFO | Snapshot : 1455.3% / 164T / 5.7G
| 20260505 14:56:11.720 | INFO | Snapshot : 1488.6% / 164T / 6.1G
| 20260505 14:56:16.720 | INFO | Snapshot : 1442.8% / 164T / 6.4G
| 20260505 14:56:21.720 | INFO | Snapshot : 1382.3% / 164T / 6.6G
| 20260505 14:56:26.720 | INFO | Snapshot : 1408.1% / 164T / 7.1G
| 20260505 14:56:31.719 | INFO | Snapshot : 1364.4% / 164T / 7.3G
| 20260505 14:56:36.719 | INFO | Snapshot : 1312.0% / 164T / 7.6G
| 20260505 14:56:41.720 | INFO | Snapshot : 1502.0% / 164T / 7.9G
| 20260505 14:56:46.720 | INFO | Snapshot : 1462.3% / 164T / 8.3G
| 20260505 14:56:51.726 | INFO | Snapshot : 1412.7% / 164T / 8.6G
| 20260505 14:56:56.720 | INFO | Snapshot : 1506.7% / 164T / 8.9G
| 20260505 14:57:01.720 | INFO | Snapshot : 1285.3% / 164T / 9.2G
| 20260505 14:57:06.720 | INFO | Snapshot : 1311.9% / 164T / 9.5G
| 20260505 14:57:11.720 | INFO | Snapshot : 1392.4% / 164T / 9.8G
| 20260505 14:57:16.719 | INFO | Snapshot : 1253.4% / 164T / 10.1G
| 20260505 14:57:20.272 | INFO | Consensus             : 1m 44s 
| 20260505 14:57:21.720 | INFO | Snapshot : 894.4% / 83T / 10.4G
| 20260505 14:57:22.056 | INFO | Sketch clusters
| 20260505 14:57:26.727 | INFO | Snapshot : 2292.8% / 83T / 10.4G
| 20260505 14:57:31.726 | INFO | Snapshot : 2395.9% / 83T / 10.5G
| 20260505 14:57:36.732 | INFO | Snapshot : 2331.6% / 83T / 10.5G
| 20260505 14:57:41.731 | INFO | Snapshot : 2410.7% / 83T / 10.6G
| 20260505 14:57:43.184 | INFO | Sketch clusters       : 21s 128ms 
| 20260505 14:57:46.720 | INFO | Snapshot : 300.0% / 3T / 11.0G
| 20260505 14:57:46.747 | INFO | Map back
| 20260505 14:57:51.727 | INFO | Snapshot : 2128.1% / 83T / 11.4G
| 20260505 14:57:56.727 | INFO | Snapshot : 2003.2% / 83T / 11.5G
| 20260505 14:58:01.726 | INFO | Snapshot : 2023.4% / 83T / 11.5G
| 20260505 14:58:06.729 | INFO | Snapshot : 2013.0% / 83T / 11.5G
| 20260505 14:58:11.720 | INFO | Snapshot : 1988.3% / 83T / 11.5G
| 20260505 14:58:16.720 | INFO | Snapshot : 2035.1% / 83T / 11.5G
| 20260505 14:58:21.729 | INFO | Snapshot : 2017.1% / 83T / 11.5G
| 20260505 14:58:26.731 | INFO | Snapshot : 1988.2% / 83T / 11.5G
| 20260505 14:58:31.720 | INFO | Snapshot : 1988.3% / 83T / 11.5G
| 20260505 14:58:36.720 | INFO | Snapshot : 1994.1% / 83T / 11.5G
| 20260505 14:58:41.728 | INFO | Snapshot : 1994.3% / 83T / 11.5G
| 20260505 14:58:46.720 | INFO | Snapshot : 1920.2% / 83T / 11.5G
| 20260505 14:58:51.724 | INFO | Snapshot : 1839.4% / 83T / 11.5G
| 20260505 14:58:56.726 | INFO | Snapshot : 1829.9% / 83T / 11.5G
| 20260505 14:59:01.720 | INFO | Snapshot : 1867.8% / 83T / 11.5G
| 20260505 14:59:06.720 | INFO | Snapshot : 1809.8% / 83T / 11.5G
| 20260505 14:59:11.720 | INFO | Snapshot : 1850.3% / 83T / 11.5G
| 20260505 14:59:16.728 | INFO | Snapshot : 1904.1% / 83T / 11.5G
| 20260505 14:59:21.720 | INFO | Snapshot : 1800.4% / 83T / 11.5G
| 20260505 14:59:26.720 | INFO | Snapshot : 1829.5% / 83T / 11.5G
| 20260505 14:59:31.720 | INFO | Snapshot : 1826.2% / 83T / 11.5G
| 20260505 14:59:36.728 | INFO | Snapshot : 1797.3% / 83T / 11.5G
| 20260505 14:59:41.727 | INFO | Snapshot : 1789.8% / 83T / 11.5G
| 20260505 14:59:46.720 | INFO | Snapshot : 1801.3% / 83T / 11.5G
| 20260505 14:59:51.720 | INFO | Snapshot : 1830.9% / 83T / 11.5G
| 20260505 14:59:56.729 | INFO | Snapshot : 1905.9% / 83T / 11.5G
| 20260505 15:00:01.720 | INFO | Snapshot : 1866.9% / 83T / 11.5G
| 20260505 15:00:06.730 | INFO | Snapshot : 1943.6% / 83T / 11.5G
| 20260505 15:00:11.720 | INFO | Snapshot : 1806.8% / 83T / 11.5G
| 20260505 15:00:16.727 | INFO | Snapshot : 1929.0% / 83T / 11.5G
| 20260505 15:00:21.720 | INFO | Snapshot : 1907.2% / 83T / 11.5G
| 20260505 15:00:26.729 | INFO | Snapshot : 1883.5% / 83T / 11.5G
| 20260505 15:00:31.722 | INFO | Snapshot : 1894.7% / 83T / 11.5G
| 20260505 15:00:36.730 | INFO | Snapshot : 1915.9% / 83T / 11.5G
| 20260505 15:00:41.728 | INFO | Snapshot : 1873.4% / 83T / 11.5G
| 20260505 15:00:46.720 | INFO | Snapshot : 1830.7% / 83T / 11.5G
| 20260505 15:00:51.720 | INFO | Snapshot : 1888.1% / 83T / 11.5G
| 20260505 15:00:56.720 | INFO | Snapshot : 1887.1% / 83T / 11.5G
| 20260505 15:01:01.719 | INFO | Snapshot : 1898.3% / 83T / 11.5G
| 20260505 15:01:06.723 | INFO | Snapshot : 1816.7% / 83T / 11.5G
| 20260505 15:01:11.720 | INFO | Snapshot : 1874.9% / 83T / 11.5G
| 20260505 15:01:16.720 | INFO | Snapshot : 1901.5% / 83T / 11.5G
| 20260505 15:01:21.720 | INFO | Snapshot : 1887.5% / 83T / 11.5G
| 20260505 15:01:26.719 | INFO | Snapshot : 1946.7% / 83T / 11.5G
| 20260505 15:01:31.719 | INFO | Snapshot : 1866.7% / 83T / 11.6G
| 20260505 15:01:36.719 | INFO | Snapshot : 1938.1% / 83T / 11.6G
| 20260505 15:01:41.720 | INFO | Snapshot : 1877.5% / 83T / 11.6G
| 20260505 15:01:46.720 | INFO | Snapshot : 1856.3% / 83T / 11.6G
| 20260505 15:01:51.720 | INFO | Snapshot : 1925.9% / 83T / 11.6G
| 20260505 15:01:56.720 | INFO | Snapshot : 1885.5% / 83T / 11.6G
| 20260505 15:02:01.728 | INFO | Snapshot : 1948.2% / 83T / 11.6G
| 20260505 15:02:06.729 | INFO | Snapshot : 1849.6% / 83T / 11.6G
| 20260505 15:02:11.720 | INFO | Snapshot : 1837.9% / 83T / 11.6G
| 20260505 15:02:16.720 | INFO | Snapshot : 1844.3% / 83T / 11.6G
| 20260505 15:02:21.720 | INFO | Snapshot : 1830.5% / 83T / 11.6G
| 20260505 15:02:26.719 | INFO | Snapshot : 1891.3% / 83T / 11.6G
| 20260505 15:02:31.719 | INFO | Snapshot : 1880.5% / 83T / 11.6G
| 20260505 15:02:36.719 | INFO | Snapshot : 1895.3% / 83T / 11.6G
| 20260505 15:02:41.725 | INFO | Snapshot : 1837.7% / 83T / 11.6G
| 20260505 15:02:46.720 | INFO | Snapshot : 1876.8% / 83T / 11.6G
| 20260505 15:02:51.720 | INFO | Snapshot : 1842.4% / 83T / 11.6G
| 20260505 15:02:56.720 | INFO | Snapshot : 1859.7% / 83T / 11.6G
| 20260505 15:03:01.719 | INFO | Snapshot : 1847.9% / 83T / 11.6G
| 20260505 15:03:06.719 | INFO | Snapshot : 1860.5% / 83T / 11.6G
| 20260505 15:03:11.719 | INFO | Snapshot : 1872.0% / 83T / 11.6G
| 20260505 15:03:16.720 | INFO | Snapshot : 1862.3% / 83T / 11.6G
| 20260505 15:03:21.720 | INFO | Snapshot : 1815.6% / 83T / 11.6G
| 20260505 15:03:26.720 | INFO | Snapshot : 1833.5% / 83T / 11.6G
| 20260505 15:03:31.720 | INFO | Snapshot : 1844.1% / 83T / 11.6G
| 20260505 15:03:36.720 | INFO | Snapshot : 1889.1% / 83T / 11.6G
| 20260505 15:03:41.719 | INFO | Snapshot : 1839.7% / 83T / 11.6G
| 20260505 15:03:46.719 | INFO | Snapshot : 1834.8% / 83T / 11.6G
| 20260505 15:03:51.720 | INFO | Snapshot : 1881.9% / 83T / 11.6G
| 20260505 15:03:56.720 | INFO | Snapshot : 1864.3% / 83T / 11.6G
| 20260505 15:04:01.720 | INFO | Snapshot : 1882.9% / 83T / 11.6G
| 20260505 15:04:06.720 | INFO | Snapshot : 1871.1% / 83T / 11.6G
| 20260505 15:04:11.720 | INFO | Snapshot : 1833.0% / 83T / 11.6G
| 20260505 15:04:16.730 | INFO | Snapshot : 1916.0% / 83T / 11.6G
| 20260505 15:04:21.720 | INFO | Snapshot : 1869.1% / 83T / 11.6G
| 20260505 15:04:26.720 | INFO | Snapshot : 1907.7% / 83T / 11.6G
| 20260505 15:04:31.720 | INFO | Snapshot : 1860.5% / 83T / 11.6G
| 20260505 15:04:36.725 | INFO | Snapshot : 1835.7% / 83T / 11.6G
| 20260505 15:04:41.720 | INFO | Snapshot : 1869.6% / 83T / 11.6G
| 20260505 15:04:46.720 | INFO | Snapshot : 1855.5% / 83T / 11.6G
| 20260505 15:04:51.720 | INFO | Snapshot : 1895.1% / 83T / 11.6G
| 20260505 15:04:56.719 | INFO | Snapshot : 1826.5% / 83T / 11.6G
| 20260505 15:05:01.719 | INFO | Snapshot : 1829.3% / 83T / 11.7G
| 20260505 15:05:06.733 | INFO | Snapshot : 1862.7% / 83T / 11.7G
| 20260505 15:05:11.725 | INFO | Snapshot : 1838.1% / 83T / 11.7G
| 20260505 15:05:16.720 | INFO | Snapshot : 1798.9% / 83T / 11.7G
| 20260505 15:05:21.722 | INFO | Snapshot : 1878.7% / 83T / 11.7G
| 20260505 15:05:26.730 | INFO | Snapshot : 1861.4% / 83T / 11.7G
| 20260505 15:05:31.723 | INFO | Snapshot : 1835.6% / 83T / 11.7G
| 20260505 15:05:36.720 | INFO | Snapshot : 1831.6% / 83T / 11.7G
| 20260505 15:05:41.731 | INFO | Snapshot : 1858.6% / 83T / 11.7G
| 20260505 15:05:46.720 | INFO | Snapshot : 1803.3% / 83T / 11.7G
| 20260505 15:05:51.725 | INFO | Snapshot : 1799.1% / 83T / 11.7G
| 20260505 15:05:56.724 | INFO | Snapshot : 1847.2% / 83T / 11.7G
| 20260505 15:06:01.720 | INFO | Snapshot : 1864.4% / 83T / 11.7G
| 20260505 15:06:06.730 | INFO | Snapshot : 1826.2% / 83T / 11.7G
| 20260505 15:06:11.720 | INFO | Snapshot : 1825.8% / 83T / 11.7G
| 20260505 15:06:16.720 | INFO | Snapshot : 1849.1% / 83T / 11.7G
| 20260505 15:06:21.729 | INFO | Snapshot : 1897.7% / 83T / 11.7G
| 20260505 15:06:26.720 | INFO | Snapshot : 1845.3% / 83T / 11.7G
| 20260505 15:06:31.720 | INFO | Snapshot : 1832.6% / 83T / 11.7G
| 20260505 15:06:36.731 | INFO | Snapshot : 1829.9% / 83T / 11.7G
| 20260505 15:06:41.720 | INFO | Snapshot : 1825.6% / 83T / 11.7G
| 20260505 15:06:46.727 | INFO | Snapshot : 1865.0% / 83T / 11.7G
| 20260505 15:06:51.720 | INFO | Snapshot : 1885.2% / 83T / 11.7G
| 20260505 15:06:56.727 | INFO | Snapshot : 1999.9% / 83T / 11.7G
| 20260505 15:07:01.727 | INFO | Snapshot : 1853.0% / 83T / 11.7G
| 20260505 15:07:06.727 | INFO | Snapshot : 1860.2% / 83T / 11.7G
| 20260505 15:07:11.720 | INFO | Snapshot : 1860.2% / 83T / 11.7G
| 20260505 15:07:16.720 | INFO | Snapshot : 1837.6% / 83T / 11.7G
| 20260505 15:07:21.720 | INFO | Snapshot : 1818.6% / 83T / 11.7G
| 20260505 15:07:26.719 | INFO | Snapshot : 1840.9% / 83T / 11.7G
| 20260505 15:07:31.719 | INFO | Snapshot : 1892.7% / 83T / 11.7G
| 20260505 15:07:36.719 | INFO | Snapshot : 1830.0% / 83T / 11.7G
| 20260505 15:07:41.720 | INFO | Snapshot : 1825.3% / 83T / 11.7G
| 20260505 15:07:46.720 | INFO | Snapshot : 1843.1% / 83T / 11.7G
| 20260505 15:07:51.720 | INFO | Snapshot : 1825.0% / 83T / 11.7G
| 20260505 15:07:56.730 | INFO | Snapshot : 1816.5% / 83T / 11.7G
| 20260505 15:08:01.720 | INFO | Snapshot : 1803.2% / 83T / 11.7G
| 20260505 15:08:06.728 | INFO | Snapshot : 1789.0% / 83T / 11.7G
| 20260505 15:08:11.720 | INFO | Snapshot : 1797.6% / 83T / 11.7G
| 20260505 15:08:16.731 | INFO | Snapshot : 1789.7% / 83T / 11.7G
| 20260505 15:08:21.720 | INFO | Snapshot : 1815.5% / 83T / 11.7G
| 20260505 15:08:26.720 | INFO | Snapshot : 1798.0% / 83T / 11.7G
| 20260505 15:08:31.720 | INFO | Snapshot : 1806.6% / 83T / 11.7G
| 20260505 15:08:36.720 | INFO | Snapshot : 1862.5% / 83T / 11.7G
| 20260505 15:08:41.719 | INFO | Snapshot : 1807.9% / 83T / 11.7G
| 20260505 15:08:46.719 | INFO | Snapshot : 1859.7% / 83T / 11.7G
| 20260505 15:08:51.720 | INFO | Snapshot : 1871.3% / 83T / 11.7G
| 20260505 15:08:56.720 | INFO | Snapshot : 1845.9% / 83T / 11.7G
| 20260505 15:09:01.729 | INFO | Snapshot : 1855.3% / 83T / 11.7G
| 20260505 15:09:06.726 | INFO | Snapshot : 1839.9% / 83T / 11.7G
| 20260505 15:09:11.722 | INFO | Snapshot : 1821.7% / 83T / 11.7G
| 20260505 15:09:16.731 | INFO | Snapshot : 1856.1% / 83T / 11.7G
| 20260505 15:09:21.720 | INFO | Snapshot : 1811.9% / 83T / 11.7G
| 20260505 15:09:26.720 | INFO | Snapshot : 1790.9% / 83T / 11.7G
| 20260505 15:09:31.720 | INFO | Snapshot : 1788.9% / 83T / 11.7G
| 20260505 15:09:36.719 | INFO | Snapshot : 1788.9% / 83T / 11.7G
| 20260505 15:09:41.729 | INFO | Snapshot : 1793.6% / 83T / 11.7G
| 20260505 15:09:46.730 | INFO | Snapshot : 1804.4% / 83T / 11.7G
| 20260505 15:09:51.720 | INFO | Snapshot : 1821.8% / 83T / 11.7G
| 20260505 15:09:56.720 | INFO | Snapshot : 1865.3% / 83T / 11.7G
| 20260505 15:10:01.731 | INFO | Snapshot : 1789.0% / 83T / 11.7G
| 20260505 15:10:06.726 | INFO | Snapshot : 1793.4% / 83T / 11.7G
| 20260505 15:10:11.720 | INFO | Snapshot : 1805.7% / 83T / 11.7G
| 20260505 15:10:16.728 | INFO | Snapshot : 1788.8% / 83T / 11.7G
| 20260505 15:10:21.720 | INFO | Snapshot : 1817.7% / 83T / 11.7G
| 20260505 15:10:26.731 | INFO | Snapshot : 1859.6% / 83T / 11.7G
| 20260505 15:10:31.720 | INFO | Snapshot : 1838.6% / 83T / 11.7G
| 20260505 15:10:36.729 | INFO | Snapshot : 1838.5% / 83T / 11.7G
| 20260505 15:10:41.720 | INFO | Snapshot : 1859.9% / 83T / 11.7G
| 20260505 15:10:46.729 | INFO | Snapshot : 1842.7% / 83T / 11.7G
| 20260505 15:10:51.720 | INFO | Snapshot : 1821.4% / 83T / 11.7G
| 20260505 15:10:56.720 | INFO | Snapshot : 1807.0% / 83T / 11.7G
| 20260505 15:11:01.720 | INFO | Snapshot : 1823.3% / 83T / 11.7G
| 20260505 15:11:06.719 | INFO | Snapshot : 1848.1% / 83T / 11.7G
| 20260505 15:11:11.719 | INFO | Snapshot : 1857.1% / 83T / 11.7G
| 20260505 15:11:16.719 | INFO | Snapshot : 1851.3% / 83T / 11.7G
| 20260505 15:11:21.727 | INFO | Snapshot : 1838.8% / 83T / 11.7G
| 20260505 15:11:26.720 | INFO | Snapshot : 1811.3% / 83T / 11.7G
| 20260505 15:11:31.720 | INFO | Snapshot : 1870.1% / 83T / 11.7G
| 20260505 15:11:36.720 | INFO | Snapshot : 1858.1% / 83T / 11.7G
| 20260505 15:11:41.719 | INFO | Snapshot : 1816.5% / 83T / 11.7G
| 20260505 15:11:46.719 | INFO | Snapshot : 1824.0% / 83T / 11.7G
| 20260505 15:11:51.728 | INFO | Snapshot : 1844.7% / 83T / 11.7G
| 20260505 15:11:56.729 | INFO | Snapshot : 1885.0% / 83T / 11.7G
| 20260505 15:12:01.728 | INFO | Snapshot : 1876.8% / 83T / 11.7G
| 20260505 15:12:06.720 | INFO | Snapshot : 1856.5% / 83T / 11.7G
| 20260505 15:12:11.720 | INFO | Snapshot : 1811.6% / 83T / 11.7G
| 20260505 15:12:16.720 | INFO | Snapshot : 1821.0% / 83T / 11.7G
| 20260505 15:12:21.729 | INFO | Snapshot : 1810.5% / 83T / 11.7G
| 20260505 15:12:26.720 | INFO | Snapshot : 1836.1% / 83T / 11.7G
| 20260505 15:12:31.720 | INFO | Snapshot : 1859.5% / 83T / 11.7G
| 20260505 15:12:36.730 | INFO | Snapshot : 1814.5% / 83T / 11.7G
| 20260505 15:12:41.720 | INFO | Snapshot : 1807.8% / 83T / 11.7G
| 20260505 15:12:46.725 | INFO | Snapshot : 1857.2% / 83T / 11.7G
| 20260505 15:12:51.720 | INFO | Snapshot : 1840.6% / 83T / 11.7G
| 20260505 15:12:56.735 | INFO | Snapshot : 1839.3% / 83T / 11.7G
| 20260505 15:13:01.730 | INFO | Snapshot : 1834.2% / 83T / 11.7G
| 20260505 15:13:06.720 | INFO | Snapshot : 1893.9% / 83T / 11.7G
| 20260505 15:13:11.730 | INFO | Snapshot : 1848.4% / 83T / 11.7G
| 20260505 15:13:16.720 | INFO | Snapshot : 1812.6% / 83T / 11.7G
| 20260505 15:13:21.729 | INFO | Snapshot : 1824.6% / 83T / 11.7G
| 20260505 15:13:26.731 | INFO | Snapshot : 1872.3% / 83T / 11.7G
| 20260505 15:13:31.720 | INFO | Snapshot : 1830.0% / 83T / 11.7G
| 20260505 15:13:36.727 | INFO | Snapshot : 1814.5% / 83T / 11.7G
| 20260505 15:13:41.720 | INFO | Snapshot : 1830.1% / 83T / 11.7G
| 20260505 15:13:46.720 | INFO | Snapshot : 1843.8% / 83T / 11.7G
| 20260505 15:13:51.720 | INFO | Snapshot : 1846.7% / 83T / 11.7G
| 20260505 15:13:56.720 | INFO | Snapshot : 1877.2% / 83T / 11.7G
| 20260505 15:14:01.728 | INFO | Snapshot : 1813.5% / 83T / 11.7G
| 20260505 15:14:06.720 | INFO | Snapshot : 1793.0% / 83T / 11.7G
| 20260505 15:14:11.724 | INFO | Snapshot : 1843.2% / 83T / 11.7G
| 20260505 15:14:16.728 | INFO | Snapshot : 1856.5% / 83T / 11.7G
| 20260505 15:14:21.731 | INFO | Snapshot : 1836.5% / 83T / 11.7G
| 20260505 15:14:26.720 | INFO | Snapshot : 1949.6% / 83T / 11.7G
| 20260505 15:14:31.722 | INFO | Snapshot : 2008.7% / 83T / 11.7G
| 20260505 15:14:36.729 | INFO | Snapshot : 2034.9% / 83T / 11.7G
| 20260505 15:14:41.728 | INFO | Snapshot : 2036.4% / 83T / 11.7G
| 20260505 15:14:46.720 | INFO | Snapshot : 2059.4% / 83T / 11.7G
| 20260505 15:14:51.720 | INFO | Snapshot : 2043.5% / 83T / 11.7G
| 20260505 15:14:56.726 | INFO | Snapshot : 2028.5% / 83T / 11.7G
| 20260505 15:15:01.720 | INFO | Snapshot : 1991.3% / 83T / 11.7G
| 20260505 15:15:06.720 | INFO | Snapshot : 2004.9% / 83T / 11.7G
| 20260505 15:15:11.720 | INFO | Snapshot : 2032.1% / 83T / 11.7G
| 20260505 15:15:16.719 | INFO | Snapshot : 2028.8% / 83T / 11.7G
| 20260505 15:15:21.727 | INFO | Snapshot : 2035.4% / 83T / 11.7G
| 20260505 15:15:26.724 | INFO | Snapshot : 1987.0% / 83T / 11.7G
| 20260505 15:15:31.725 | INFO | Snapshot : 1914.0% / 83T / 11.7G
| 20260505 15:15:36.720 | INFO | Snapshot : 1866.2% / 83T / 11.7G
| 20260505 15:15:41.720 | INFO | Snapshot : 1834.3% / 83T / 11.7G
| 20260505 15:15:46.720 | INFO | Snapshot : 1917.3% / 83T / 11.9G
| 20260505 15:15:51.725 | INFO | Snapshot : 1852.9% / 83T / 11.9G
| 20260505 15:15:56.728 | INFO | Snapshot : 1890.9% / 83T / 11.9G
| 20260505 15:15:58.160 | INFO | Map back              : 18m 11s 
| 20260505 15:15:58.526 | INFO | Merge clusters
| 20260505 15:16:00.857 | INFO | Clustering            : 2s 330ms 
| 20260505 15:16:00.867 | INFO | Map back, break
| 20260505 15:16:01.720 | INFO | Snapshot : 300.0% / 3T / 12.0G
| 20260505 15:16:06.720 | INFO | Snapshot : 460.0% / 83T / 23.5G
| 20260505 15:16:11.720 | INFO | Snapshot : 1505.5% / 83T / 21.7G
| 20260505 15:16:16.719 | INFO | Snapshot : 2170.0% / 83T / 28.0G
| 20260505 15:16:21.719 | INFO | Snapshot : 1963.7% / 83T / 35.0G
| 20260505 15:16:26.720 | INFO | Snapshot : 1809.3% / 83T / 34.1G
| 20260505 15:16:31.720 | INFO | Snapshot : 1790.7% / 83T / 32.1G
| 20260505 15:16:36.721 | INFO | Snapshot : 1795.7% / 83T / 33.2G
| 20260505 15:16:41.720 | INFO | Snapshot : 1768.4% / 83T / 30.6G
| 20260505 15:16:46.720 | INFO | Snapshot : 1743.7% / 83T / 31.7G
| 20260505 15:16:51.720 | INFO | Snapshot : 1752.2% / 83T / 30.4G
| 20260505 15:16:56.721 | INFO | Snapshot : 1705.3% / 83T / 31.0G
| 20260505 15:17:01.720 | INFO | Snapshot : 1689.6% / 83T / 30.3G
| 20260505 15:17:06.723 | INFO | Snapshot : 1664.4% / 83T / 29.9G
| 20260505 15:17:11.720 | INFO | Snapshot : 1682.4% / 83T / 30.7G
| 20260505 15:17:16.720 | INFO | Snapshot : 1668.9% / 83T / 29.6G
| 20260505 15:17:21.720 | INFO | Snapshot : 1632.3% / 83T / 30.0G
| 20260505 15:17:26.719 | INFO | Snapshot : 1615.5% / 83T / 30.5G
| 20260505 15:17:31.721 | INFO | Snapshot : 1639.5% / 83T / 29.2G
| 20260505 15:17:36.720 | INFO | Snapshot : 1634.7% / 83T / 30.2G
| 20260505 15:17:41.720 | INFO | Snapshot : 1623.1% / 83T / 28.9G
| 20260505 15:17:46.720 | INFO | Snapshot : 1577.3% / 83T / 28.8G
| 20260505 15:17:51.723 | INFO | Snapshot : 1601.0% / 83T / 29.0G
| 20260505 15:17:56.720 | INFO | Snapshot : 1615.2% / 83T / 29.2G
| 20260505 15:18:01.720 | INFO | Snapshot : 1596.5% / 83T / 28.5G
| 20260505 15:18:06.722 | INFO | Snapshot : 1623.0% / 83T / 28.2G
| 20260505 15:18:11.721 | INFO | Snapshot : 1579.5% / 83T / 28.4G
| 20260505 15:18:16.720 | INFO | Snapshot : 1579.8% / 83T / 28.8G
| 20260505 15:18:21.720 | INFO | Snapshot : 1564.9% / 83T / 28.6G
| 20260505 15:18:26.720 | INFO | Snapshot : 1588.7% / 83T / 28.6G
| 20260505 15:18:31.719 | INFO | Snapshot : 1565.5% / 83T / 27.9G
| 20260505 15:18:36.720 | INFO | Snapshot : 1589.9% / 83T / 28.2G
| 20260505 15:18:41.721 | INFO | Snapshot : 1567.7% / 83T / 28.4G
| 20260505 15:18:46.719 | INFO | Snapshot : 1568.2% / 83T / 28.3G
| 20260505 15:18:51.720 | INFO | Snapshot : 1531.5% / 83T / 27.9G
| 20260505 15:18:56.721 | INFO | Snapshot : 1596.0% / 83T / 27.5G
| 20260505 15:19:01.721 | INFO | Snapshot : 1603.7% / 83T / 28.0G
| 20260505 15:19:06.721 | INFO | Snapshot : 1612.5% / 83T / 28.6G
| 20260505 15:19:11.720 | INFO | Snapshot : 1551.4% / 83T / 27.4G
| 20260505 15:19:16.720 | INFO | Snapshot : 1557.3% / 83T / 27.6G
| 20260505 15:19:21.721 | INFO | Snapshot : 1584.4% / 83T / 28.3G
| 20260505 15:19:26.720 | INFO | Snapshot : 1585.1% / 83T / 27.9G
| 20260505 15:19:31.720 | INFO | Snapshot : 1562.2% / 83T / 27.8G
| 20260505 15:19:36.720 | INFO | Snapshot : 1567.9% / 83T / 27.8G
| 20260505 15:19:41.720 | INFO | Snapshot : 1565.1% / 83T / 27.1G
| 20260505 15:19:46.719 | INFO | Snapshot : 1579.1% / 83T / 28.0G
| 20260505 15:19:51.720 | INFO | Snapshot : 1587.2% / 83T / 27.1G
| 20260505 15:19:56.723 | INFO | Snapshot : 1546.8% / 83T / 27.8G
| 20260505 15:20:01.720 | INFO | Snapshot : 1597.0% / 83T / 27.8G
| 20260505 15:20:06.720 | INFO | Snapshot : 1519.6% / 83T / 27.6G
| 20260505 15:20:11.719 | INFO | Snapshot : 1538.3% / 83T / 27.4G
| 20260505 15:20:16.719 | INFO | Snapshot : 1559.6% / 83T / 26.0G
| 20260505 15:20:21.720 | INFO | Snapshot : 1554.7% / 83T / 27.4G
| 20260505 15:20:26.720 | INFO | Snapshot : 1540.1% / 83T / 27.3G
| 20260505 15:20:31.720 | INFO | Snapshot : 1554.9% / 83T / 27.5G
| 20260505 15:20:36.720 | INFO | Snapshot : 1503.9% / 83T / 27.5G
| 20260505 15:20:41.720 | INFO | Snapshot : 1531.1% / 83T / 27.2G
| 20260505 15:20:46.720 | INFO | Snapshot : 1524.1% / 83T / 27.3G
| 20260505 15:20:51.719 | INFO | Snapshot : 1522.1% / 83T / 27.2G
| 20260505 15:20:56.719 | INFO | Snapshot : 1491.0% / 83T / 27.5G
| 20260505 15:21:01.720 | INFO | Snapshot : 1486.9% / 83T / 27.3G
| 20260505 15:21:06.720 | INFO | Snapshot : 1500.6% / 83T / 27.3G
| 20260505 15:21:11.720 | INFO | Snapshot : 1467.4% / 83T / 27.3G
| 20260505 15:21:16.722 | INFO | Snapshot : 1497.9% / 83T / 27.0G
| 20260505 15:21:21.721 | INFO | Snapshot : 1475.3% / 83T / 27.2G
| 20260505 15:21:26.720 | INFO | Snapshot : 1501.6% / 83T / 27.5G
| 20260505 15:21:31.720 | INFO | Snapshot : 1489.8% / 83T / 27.0G
| 20260505 15:21:36.720 | INFO | Snapshot : 1456.0% / 83T / 26.9G
| 20260505 15:21:41.719 | INFO | Snapshot : 1474.0% / 83T / 26.6G
| 20260505 15:21:46.719 | INFO | Snapshot : 1461.4% / 83T / 27.0G
| 20260505 15:21:51.720 | INFO | Snapshot : 1442.6% / 83T / 27.2G
| 20260505 15:21:56.720 | INFO | Snapshot : 1479.2% / 83T / 27.2G
| 20260505 15:22:01.720 | INFO | Snapshot : 1455.7% / 83T / 26.8G
| 20260505 15:22:06.720 | INFO | Snapshot : 1460.4% / 83T / 26.8G
| 20260505 15:22:11.720 | INFO | Snapshot : 1452.5% / 83T / 27.1G
| 20260505 15:22:16.719 | INFO | Snapshot : 1446.4% / 83T / 26.7G
| 20260505 15:22:21.720 | INFO | Snapshot : 1454.9% / 83T / 26.8G
| 20260505 15:22:26.720 | INFO | Snapshot : 1462.6% / 83T / 27.0G
| 20260505 15:22:31.720 | INFO | Snapshot : 1460.5% / 83T / 26.7G
| 20260505 15:22:36.721 | INFO | Snapshot : 1485.1% / 83T / 26.6G
| 20260505 15:22:41.719 | INFO | Snapshot : 1521.7% / 83T / 26.5G
| 20260505 15:22:46.719 | INFO | Snapshot : 1610.5% / 83T / 26.3G
| 20260505 15:22:51.720 | INFO | Snapshot : 1733.7% / 83T / 26.3G
| 20260505 15:22:56.720 | INFO | Snapshot : 1859.3% / 83T / 26.1G
| 20260505 15:23:01.721 | INFO | Snapshot : 2199.5% / 83T / 25.3G
| 20260505 15:23:06.720 | INFO | Snapshot : 2351.6% / 83T / 25.1G
| 20260505 15:23:11.720 | INFO | Snapshot : 2474.5% / 83T / 26.9G
| 20260505 15:23:16.724 | INFO | Snapshot : 2405.4% / 83T / 27.2G
| 20260505 15:23:21.720 | INFO | Snapshot : 1829.8% / 83T / 27.2G
| 20260505 15:23:26.727 | INFO | Snapshot : 1791.4% / 83T / 27.2G
| 20260505 15:23:31.720 | INFO | Snapshot : 1809.7% / 83T / 27.2G
| 20260505 15:23:36.727 | INFO | Snapshot : 1799.4% / 83T / 27.2G
| 20260505 15:23:41.728 | INFO | Snapshot : 1786.8% / 83T / 27.2G
| 20260505 15:23:46.729 | INFO | Snapshot : 1803.9% / 83T / 27.2G
| 20260505 15:23:51.731 | INFO | Snapshot : 1789.5% / 83T / 27.2G
| 20260505 15:23:56.720 | INFO | Snapshot : 1808.7% / 83T / 27.2G
| 20260505 15:24:01.720 | INFO | Snapshot : 1797.1% / 83T / 27.2G
| 20260505 15:24:06.720 | INFO | Snapshot : 1792.3% / 83T / 27.2G
| 20260505 15:24:11.722 | INFO | Snapshot : 1785.7% / 83T / 27.2G
| 20260505 15:24:16.727 | INFO | Snapshot : 1783.8% / 83T / 27.2G
| 20260505 15:24:21.730 | INFO | Snapshot : 1786.1% / 83T / 27.2G
| 20260505 15:24:26.720 | INFO | Snapshot : 1785.9% / 83T / 27.2G
| 20260505 15:24:31.731 | INFO | Snapshot : 1783.5% / 83T / 27.2G
| 20260505 15:24:36.720 | INFO | Snapshot : 1783.1% / 83T / 27.2G
| 20260505 15:24:41.720 | INFO | Snapshot : 1782.5% / 83T / 27.2G
| 20260505 15:24:46.720 | INFO | Snapshot : 1788.3% / 83T / 27.2G
| 20260505 15:24:51.719 | INFO | Snapshot : 1789.5% / 83T / 27.2G
| 20260505 15:24:56.729 | INFO | Snapshot : 1782.7% / 83T / 27.2G
| 20260505 15:25:01.728 | INFO | Snapshot : 1784.8% / 83T / 27.2G
| 20260505 15:25:06.730 | INFO | Snapshot : 1783.1% / 83T / 27.2G
| 20260505 15:25:11.730 | INFO | Snapshot : 1785.2% / 83T / 27.2G
| 20260505 15:25:16.723 | INFO | Snapshot : 1783.1% / 83T / 27.2G
| 20260505 15:25:21.730 | INFO | Snapshot : 1828.5% / 83T / 27.2G
| 20260505 15:25:26.729 | INFO | Snapshot : 1869.6% / 83T / 27.2G
| 20260505 15:25:31.720 | INFO | Snapshot : 1854.9% / 83T / 27.2G
| 20260505 15:25:36.728 | INFO | Snapshot : 1856.1% / 83T / 27.2G
| 20260505 15:25:41.721 | INFO | Snapshot : 2041.5% / 83T / 27.2G
| 20260505 15:25:46.720 | INFO | Snapshot : 1943.5% / 83T / 27.2G
| 20260505 15:25:51.723 | INFO | Snapshot : 2084.0% / 83T / 27.2G
| 20260505 15:25:54.520 | INFO | Map back, break       : 9m 53s 
| 20260505 15:25:54.853 | INFO | Merge clusters
| 20260505 15:25:56.609 | INFO | Clustering            : 1s 755ms 
| 20260505 15:25:56.609 | INFO | Map back, merge
| 20260505 15:25:56.720 | INFO | Snapshot : 300.0% / 3T / 27.2G
| 20260505 15:25:57.305 | INFO | Map back, merge       : 695ms 596us 
| 20260505 15:25:57.306 | INFO | Consensus
| 20260505 15:26:01.720 | INFO | Snapshot : 1254.6% / 164T / 27.3G
| 20260505 15:26:06.720 | INFO | Snapshot : 1488.4% / 164T / 27.3G
| 20260505 15:26:11.719 | INFO | Snapshot : 1242.4% / 164T / 27.3G
| 20260505 15:26:16.720 | INFO | Snapshot : 1481.8% / 164T / 27.3G
| 20260505 15:26:21.719 | INFO | Snapshot : 1348.4% / 164T / 27.3G
| 20260505 15:26:26.719 | INFO | Snapshot : 1415.6% / 164T / 27.3G
| 20260505 15:26:31.720 | INFO | Snapshot : 1500.9% / 164T / 27.3G
| 20260505 15:26:36.729 | INFO | Snapshot : 1543.6% / 164T / 27.3G
| 20260505 15:26:41.721 | INFO | Snapshot : 1483.6% / 164T / 27.3G
| 20260505 15:26:46.720 | INFO | Snapshot : 1671.9% / 164T / 27.3G
| 20260505 15:26:51.720 | INFO | Snapshot : 1373.9% / 164T / 27.3G
| 20260505 15:26:56.720 | INFO | Snapshot : 1348.0% / 164T / 27.3G
| 20260505 15:27:01.719 | INFO | Snapshot : 1423.0% / 164T / 27.3G
| 20260505 15:27:06.728 | INFO | Snapshot : 1431.3% / 164T / 27.3G
| 20260505 15:27:11.720 | INFO | Snapshot : 1665.2% / 164T / 27.3G
| 20260505 15:27:16.724 | INFO | Snapshot : 1081.1% / 164T / 27.3G
| 20260505 15:27:21.719 | INFO | Snapshot : 1468.4% / 164T / 27.3G
| 20260505 15:27:26.728 | INFO | Snapshot : 1275.7% / 164T / 27.3G
| 20260505 15:27:31.720 | INFO | Snapshot : 1408.6% / 164T / 27.3G
| 20260505 15:27:36.720 | INFO | Snapshot : 1515.7% / 164T / 27.3G
| 20260505 15:27:41.719 | INFO | Snapshot : 1323.4% / 164T / 27.3G
| 20260505 15:27:46.719 | INFO | Snapshot : 1394.4% / 164T / 27.4G
| 20260505 15:27:47.674 | INFO | Consensus             : 1m 50s 
| 20260505 15:27:51.533 | INFO | Sketch clusters
| 20260505 15:27:51.730 | INFO | Snapshot : 367.6% / 83T / 27.3G
| 20260505 15:27:56.720 | INFO | Snapshot : 1783.3% / 83T / 27.3G
| 20260505 15:28:01.720 | INFO | Snapshot : 1784.7% / 83T / 27.3G
| 20260505 15:28:06.726 | INFO | Snapshot : 1787.6% / 83T / 27.3G
| 20260505 15:28:11.720 | INFO | Snapshot : 1788.7% / 83T / 27.3G
| 20260505 15:28:16.727 | INFO | Snapshot : 1773.6% / 83T / 27.3G
| 20260505 15:28:17.683 | INFO | Sketch clusters       : 26s 149ms 
| 20260505 15:28:20.913 | INFO | Map back
| 20260505 15:28:21.731 | INFO | Snapshot : 745.2% / 83T / 27.3G
| 20260505 15:28:26.722 | INFO | Snapshot : 2577.0% / 83T / 27.3G
| 20260505 15:28:31.726 | INFO | Snapshot : 2435.0% / 83T / 27.3G
| 20260505 15:28:36.720 | INFO | Snapshot : 1852.2% / 83T / 27.3G
| 20260505 15:28:41.729 | INFO | Snapshot : 1839.9% / 83T / 27.3G
| 20260505 15:28:46.731 | INFO | Snapshot : 1819.9% / 83T / 27.3G
| 20260505 15:28:51.720 | INFO | Snapshot : 1848.4% / 83T / 27.3G
| 20260505 15:28:56.730 | INFO | Snapshot : 1819.2% / 83T / 27.3G
| 20260505 15:29:01.725 | INFO | Snapshot : 1831.8% / 83T / 27.3G
| 20260505 15:29:06.720 | INFO | Snapshot : 1816.6% / 83T / 27.3G
| 20260505 15:29:11.729 | INFO | Snapshot : 1837.3% / 83T / 27.3G
| 20260505 15:29:16.723 | INFO | Snapshot : 1803.0% / 83T / 27.3G
| 20260505 15:29:21.720 | INFO | Snapshot : 1814.4% / 83T / 27.3G
| 20260505 15:29:26.731 | INFO | Snapshot : 1797.5% / 83T / 27.3G
| 20260505 15:29:31.731 | INFO | Snapshot : 1808.2% / 83T / 27.3G
| 20260505 15:29:36.731 | INFO | Snapshot : 1834.6% / 83T / 27.3G
| 20260505 15:29:41.720 | INFO | Snapshot : 1801.3% / 83T / 27.3G
| 20260505 15:29:46.720 | INFO | Snapshot : 1808.7% / 83T / 27.3G
| 20260505 15:29:51.727 | INFO | Snapshot : 1809.4% / 83T / 27.3G
| 20260505 15:29:56.729 | INFO | Snapshot : 1801.1% / 83T / 27.3G
| 20260505 15:30:01.720 | INFO | Snapshot : 1828.2% / 83T / 27.3G
| 20260505 15:30:06.720 | INFO | Snapshot : 1821.8% / 83T / 27.3G
| 20260505 15:30:11.731 | INFO | Snapshot : 1788.6% / 83T / 27.3G
| 20260505 15:30:16.728 | INFO | Snapshot : 1800.9% / 83T / 27.3G
| 20260505 15:30:21.720 | INFO | Snapshot : 1805.8% / 83T / 27.3G
| 20260505 15:30:26.730 | INFO | Snapshot : 1829.6% / 83T / 27.3G
| 20260505 15:30:31.731 | INFO | Snapshot : 1788.4% / 83T / 27.3G
| 20260505 15:30:36.730 | INFO | Snapshot : 1788.6% / 83T / 27.3G
| 20260505 15:30:41.720 | INFO | Snapshot : 1788.5% / 83T / 27.3G
| 20260505 15:30:46.720 | INFO | Snapshot : 1800.6% / 83T / 27.3G
| 20260505 15:30:51.731 | INFO | Snapshot : 1851.4% / 83T / 27.3G
| 20260505 15:30:56.730 | INFO | Snapshot : 1853.0% / 83T / 27.3G
| 20260505 15:31:01.731 | INFO | Snapshot : 1818.6% / 83T / 27.3G
| 20260505 15:31:06.720 | INFO | Snapshot : 1832.4% / 83T / 27.3G
| 20260505 15:31:11.731 | INFO | Snapshot : 1937.0% / 83T / 27.3G
| 20260505 15:31:16.720 | INFO | Snapshot : 1880.3% / 83T / 27.3G
| 20260505 15:31:21.720 | INFO | Snapshot : 1839.9% / 83T / 27.3G
| 20260505 15:31:26.720 | INFO | Snapshot : 1826.2% / 83T / 27.3G
| 20260505 15:31:31.719 | INFO | Snapshot : 1797.5% / 83T / 27.3G
| 20260505 15:31:36.719 | INFO | Snapshot : 1792.9% / 83T / 27.3G
| 20260505 15:31:41.730 | INFO | Snapshot : 1797.5% / 83T / 27.3G
| 20260505 15:31:46.720 | INFO | Snapshot : 1808.4% / 83T / 27.3G
| 20260505 15:31:51.731 | INFO | Snapshot : 1804.3% / 83T / 27.3G
| 20260505 15:31:56.720 | INFO | Snapshot : 1804.5% / 83T / 27.3G
| 20260505 15:32:01.720 | INFO | Snapshot : 1844.7% / 83T / 27.3G
| 20260505 15:32:06.724 | INFO | Snapshot : 1858.4% / 83T / 27.3G
| 20260505 15:32:11.731 | INFO | Snapshot : 1842.2% / 83T / 27.3G
| 20260505 15:32:16.720 | INFO | Snapshot : 1806.1% / 83T / 27.3G
| 20260505 15:32:21.731 | INFO | Snapshot : 1802.5% / 83T / 27.3G
| 20260505 15:32:26.726 | INFO | Snapshot : 1788.4% / 83T / 27.3G
| 20260505 15:32:31.731 | INFO | Snapshot : 1809.2% / 83T / 27.3G
| 20260505 15:32:36.731 | INFO | Snapshot : 1898.2% / 83T / 27.3G
| 20260505 15:32:41.720 | INFO | Snapshot : 1826.6% / 83T / 27.3G
| 20260505 15:32:46.731 | INFO | Snapshot : 1839.0% / 83T / 27.3G
| 20260505 15:32:51.731 | INFO | Snapshot : 1879.0% / 83T / 27.3G
| 20260505 15:32:56.720 | INFO | Snapshot : 1823.0% / 83T / 27.3G
| 20260505 15:33:01.729 | INFO | Snapshot : 1791.6% / 83T / 27.3G
| 20260505 15:33:06.730 | INFO | Snapshot : 1844.0% / 83T / 27.3G
| 20260505 15:33:11.720 | INFO | Snapshot : 1814.6% / 83T / 27.3G
| 20260505 15:33:16.725 | INFO | Snapshot : 1885.4% / 83T / 27.3G
| 20260505 15:33:21.720 | INFO | Snapshot : 1820.6% / 83T / 27.3G
| 20260505 15:33:26.720 | INFO | Snapshot : 1812.5% / 83T / 27.3G
| 20260505 15:33:31.731 | INFO | Snapshot : 1826.5% / 83T / 27.3G
| 20260505 15:33:36.720 | INFO | Snapshot : 1831.6% / 83T / 27.3G
| 20260505 15:33:41.720 | INFO | Snapshot : 1808.7% / 83T / 27.3G
| 20260505 15:33:46.720 | INFO | Snapshot : 1817.5% / 83T / 27.3G
| 20260505 15:33:51.719 | INFO | Snapshot : 1807.3% / 83T / 27.3G
| 20260505 15:33:56.719 | INFO | Snapshot : 1838.9% / 83T / 27.3G
| 20260505 15:34:01.721 | INFO | Snapshot : 1813.3% / 83T / 27.3G
| 20260505 15:34:06.730 | INFO | Snapshot : 1799.8% / 83T / 27.3G
| 20260505 15:34:11.731 | INFO | Snapshot : 1862.0% / 83T / 27.3G
| 20260505 15:34:16.731 | INFO | Snapshot : 1804.8% / 83T / 27.3G
| 20260505 15:34:21.720 | INFO | Snapshot : 1865.0% / 83T / 27.3G
| 20260505 15:34:26.720 | INFO | Snapshot : 1853.9% / 83T / 27.3G
| 20260505 15:34:31.731 | INFO | Snapshot : 1800.7% / 83T / 27.3G
| 20260505 15:34:36.720 | INFO | Snapshot : 1796.7% / 83T / 27.3G
| 20260505 15:34:41.731 | INFO | Snapshot : 1856.4% / 83T / 27.3G
| 20260505 15:34:46.720 | INFO | Snapshot : 1818.5% / 83T / 27.3G
| 20260505 15:34:51.731 | INFO | Snapshot : 1828.6% / 83T / 27.3G
| 20260505 15:34:56.720 | INFO | Snapshot : 1810.7% / 83T / 27.3G
| 20260505 15:35:01.731 | INFO | Snapshot : 1788.5% / 83T / 27.3G
| 20260505 15:35:06.720 | INFO | Snapshot : 1842.6% / 83T / 27.3G
| 20260505 15:35:11.720 | INFO | Snapshot : 1874.5% / 83T / 27.3G
| 20260505 15:35:16.720 | INFO | Snapshot : 1806.7% / 83T / 27.3G
| 20260505 15:35:21.719 | INFO | Snapshot : 1820.3% / 83T / 27.3G
| 20260505 15:35:26.727 | INFO | Snapshot : 1789.3% / 83T / 27.3G
| 20260505 15:35:31.731 | INFO | Snapshot : 1821.5% / 83T / 27.3G
| 20260505 15:35:36.720 | INFO | Snapshot : 1875.7% / 83T / 27.3G
| 20260505 15:35:41.722 | INFO | Snapshot : 1839.7% / 83T / 27.3G
| 20260505 15:35:46.720 | INFO | Snapshot : 1808.1% / 83T / 27.3G
| 20260505 15:35:51.720 | INFO | Snapshot : 1893.7% / 83T / 27.3G
| 20260505 15:35:56.720 | INFO | Snapshot : 1848.5% / 83T / 27.3G
| 20260505 15:36:01.719 | INFO | Snapshot : 1868.9% / 83T / 27.3G
| 20260505 15:36:06.719 | INFO | Snapshot : 1819.2% / 83T / 27.3G
| 20260505 15:36:11.719 | INFO | Snapshot : 1872.9% / 83T / 27.3G
| 20260505 15:36:16.720 | INFO | Snapshot : 1829.1% / 83T / 27.3G
| 20260505 15:36:21.720 | INFO | Snapshot : 1861.5% / 83T / 27.3G
| 20260505 15:36:26.724 | INFO | Snapshot : 1847.0% / 83T / 27.3G
| 20260505 15:36:31.725 | INFO | Snapshot : 1837.8% / 83T / 27.3G
| 20260505 15:36:36.720 | INFO | Snapshot : 1822.8% / 83T / 27.3G
| 20260505 15:36:41.720 | INFO | Snapshot : 1803.6% / 83T / 27.3G
| 20260505 15:36:46.725 | INFO | Snapshot : 1799.3% / 83T / 27.3G
| 20260505 15:36:51.720 | INFO | Snapshot : 1861.8% / 83T / 27.3G
| 20260505 15:36:56.720 | INFO | Snapshot : 1914.5% / 83T / 27.3G
| 20260505 15:37:01.731 | INFO | Snapshot : 1959.6% / 83T / 27.3G
| 20260505 15:37:06.720 | INFO | Snapshot : 1821.2% / 83T / 27.3G
| 20260505 15:37:11.731 | INFO | Snapshot : 1856.4% / 83T / 27.3G
| 20260505 15:37:16.729 | INFO | Snapshot : 1854.3% / 83T / 27.3G
| 20260505 15:37:21.720 | INFO | Snapshot : 1810.2% / 83T / 27.3G
| 20260505 15:37:26.720 | INFO | Snapshot : 1819.3% / 83T / 27.3G
| 20260505 15:37:31.731 | INFO | Snapshot : 1872.8% / 83T / 27.3G
| 20260505 15:37:36.729 | INFO | Snapshot : 1895.0% / 83T / 27.3G
| 20260505 15:37:41.720 | INFO | Snapshot : 1874.5% / 83T / 27.3G
| 20260505 15:37:46.720 | INFO | Snapshot : 1894.5% / 83T / 27.3G
| 20260505 15:37:51.720 | INFO | Snapshot : 1839.9% / 83T / 27.3G
| 20260505 15:37:56.719 | INFO | Snapshot : 1879.5% / 83T / 27.3G
| 20260505 15:38:01.719 | INFO | Snapshot : 1923.3% / 83T / 27.3G
| 20260505 15:38:06.719 | INFO | Snapshot : 1863.5% / 83T / 27.3G
| 20260505 15:38:11.720 | INFO | Snapshot : 1892.5% / 83T / 27.3G
| 20260505 15:38:16.720 | INFO | Snapshot : 1839.7% / 83T / 27.3G
| 20260505 15:38:21.720 | INFO | Snapshot : 1850.9% / 83T / 27.3G
| 20260505 15:38:26.720 | INFO | Snapshot : 1863.1% / 83T / 27.3G
| 20260505 15:38:31.731 | INFO | Snapshot : 1922.7% / 83T / 27.3G
| 20260505 15:38:36.726 | INFO | Snapshot : 1837.8% / 83T / 27.3G
| 20260505 15:38:41.720 | INFO | Snapshot : 1814.7% / 83T / 27.3G
| 20260505 15:38:46.720 | INFO | Snapshot : 1868.7% / 83T / 27.3G
| 20260505 15:38:51.731 | INFO | Snapshot : 1915.7% / 83T / 27.3G
| 20260505 15:38:56.729 | INFO | Snapshot : 1900.6% / 83T / 27.3G
| 20260505 15:39:01.720 | INFO | Snapshot : 1839.5% / 83T / 27.3G
| 20260505 15:39:06.720 | INFO | Snapshot : 1847.9% / 83T / 27.3G
| 20260505 15:39:11.731 | INFO | Snapshot : 1835.7% / 83T / 27.3G
| 20260505 15:39:16.720 | INFO | Snapshot : 1839.2% / 83T / 27.3G
| 20260505 15:39:21.720 | INFO | Snapshot : 1899.9% / 83T / 27.3G
| 20260505 15:39:26.727 | INFO | Snapshot : 1942.0% / 83T / 27.3G
| 20260505 15:39:31.731 | INFO | Snapshot : 1915.5% / 83T / 27.3G
| 20260505 15:39:36.720 | INFO | Snapshot : 1848.0% / 83T / 27.3G
| 20260505 15:39:41.723 | INFO | Snapshot : 1832.0% / 83T / 27.3G
| 20260505 15:39:46.731 | INFO | Snapshot : 1825.9% / 83T / 27.3G
| 20260505 15:39:51.727 | INFO | Snapshot : 1832.9% / 83T / 27.3G
| 20260505 15:39:56.720 | INFO | Snapshot : 1843.3% / 83T / 27.3G
| 20260505 15:40:01.720 | INFO | Snapshot : 1827.0% / 83T / 27.3G
| 20260505 15:40:06.720 | INFO | Snapshot : 1833.9% / 83T / 27.3G
| 20260505 15:40:11.719 | INFO | Snapshot : 1829.7% / 83T / 27.3G
| 20260505 15:40:16.729 | INFO | Snapshot : 1874.7% / 83T / 27.3G
| 20260505 15:40:21.732 | INFO | Snapshot : 1794.3% / 83T / 27.3G
| 20260505 15:40:26.720 | INFO | Snapshot : 1832.7% / 83T / 27.3G
| 20260505 15:40:31.720 | INFO | Snapshot : 1815.8% / 83T / 27.3G
| 20260505 15:40:36.720 | INFO | Snapshot : 1824.4% / 83T / 27.3G
| 20260505 15:40:41.729 | INFO | Snapshot : 1884.2% / 83T / 27.3G
| 20260505 15:40:46.720 | INFO | Snapshot : 1820.4% / 83T / 27.3G
| 20260505 15:40:51.731 | INFO | Snapshot : 1842.0% / 83T / 27.3G
| 20260505 15:40:56.720 | INFO | Snapshot : 1814.3% / 83T / 27.3G
| 20260505 15:41:01.720 | INFO | Snapshot : 1799.5% / 83T / 27.3G
| 20260505 15:41:06.720 | INFO | Snapshot : 1788.4% / 83T / 27.3G
| 20260505 15:41:11.725 | INFO | Snapshot : 1788.8% / 83T / 27.3G
| 20260505 15:41:16.720 | INFO | Snapshot : 1809.4% / 83T / 27.3G
| 20260505 15:41:21.720 | INFO | Snapshot : 1818.3% / 83T / 27.3G
| 20260505 15:41:26.720 | INFO | Snapshot : 1789.0% / 83T / 27.3G
| 20260505 15:41:31.719 | INFO | Snapshot : 1797.1% / 83T / 27.3G
| 20260505 15:41:36.728 | INFO | Snapshot : 1788.8% / 83T / 27.3G
| 20260505 15:41:41.728 | INFO | Snapshot : 1789.0% / 83T / 27.3G
| 20260505 15:41:46.720 | INFO | Snapshot : 1788.2% / 83T / 27.3G
| 20260505 15:41:51.731 | INFO | Snapshot : 1788.7% / 83T / 27.3G
| 20260505 15:41:56.720 | INFO | Snapshot : 1788.5% / 83T / 27.3G
| 20260505 15:42:00.003 | INFO | Map back              : 13m 39s 
| 20260505 15:42:00.358 | INFO | Merge clusters
| 20260505 15:42:01.720 | INFO | Snapshot : 300.0% / 3T / 27.7G
| 20260505 15:42:02.427 | INFO | Clustering            : 2s 68ms 
| 20260505 15:42:02.437 | INFO | Map back, break
| 20260505 15:42:06.720 | INFO | Snapshot : 203.4% / 83T / 32.7G
| 20260505 15:42:11.719 | INFO | Snapshot : 1706.0% / 83T / 35.6G
| 20260505 15:42:16.720 | INFO | Snapshot : 1759.9% / 83T / 35.0G
| 20260505 15:42:21.721 | INFO | Snapshot : 1679.9% / 83T / 32.9G
| 20260505 15:42:26.719 | INFO | Snapshot : 1662.6% / 83T / 32.5G
| 20260505 15:42:31.720 | INFO | Snapshot : 1620.3% / 83T / 32.2G
| 20260505 15:42:36.719 | INFO | Snapshot : 1658.5% / 83T / 31.3G
| 20260505 15:42:41.720 | INFO | Snapshot : 1654.2% / 83T / 31.1G
| 20260505 15:42:46.720 | INFO | Snapshot : 1590.8% / 83T / 31.8G
| 20260505 15:42:51.724 | INFO | Snapshot : 1594.7% / 83T / 31.1G
| 20260505 15:42:56.720 | INFO | Snapshot : 1572.2% / 83T / 31.4G
| 20260505 15:43:01.720 | INFO | Snapshot : 1554.0% / 83T / 31.1G
| 20260505 15:43:06.719 | INFO | Snapshot : 1513.1% / 83T / 30.6G
| 20260505 15:43:11.721 | INFO | Snapshot : 1538.5% / 83T / 31.0G
| 20260505 15:43:16.720 | INFO | Snapshot : 1500.5% / 83T / 30.7G
| 20260505 15:43:21.720 | INFO | Snapshot : 1476.2% / 83T / 30.9G
| 20260505 15:43:26.720 | INFO | Snapshot : 1485.2% / 83T / 30.5G
| 20260505 15:43:31.720 | INFO | Snapshot : 1430.6% / 83T / 30.1G
| 20260505 15:43:36.719 | INFO | Snapshot : 1426.8% / 83T / 30.1G
| 20260505 15:43:41.720 | INFO | Snapshot : 1378.8% / 83T / 29.8G
| 20260505 15:43:46.721 | INFO | Snapshot : 1415.1% / 83T / 29.4G
| 20260505 15:43:51.720 | INFO | Snapshot : 1630.5% / 83T / 28.8G
| 20260505 15:43:56.726 | INFO | Snapshot : 2285.3% / 83T / 27.4G
| 20260505 15:44:01.721 | INFO | Snapshot : 2359.2% / 83T / 27.4G
| 20260505 15:44:06.720 | INFO | Snapshot : 2163.0% / 83T / 27.4G
| 20260505 15:44:11.721 | INFO | Snapshot : 2120.8% / 83T / 27.4G
| 20260505 15:44:16.720 | INFO | Snapshot : 2105.1% / 83T / 27.4G
| 20260505 15:44:21.720 | INFO | Snapshot : 2076.5% / 83T / 27.4G
| 20260505 15:44:26.719 | INFO | Snapshot : 2071.3% / 83T / 27.4G
| 20260505 15:44:29.999 | INFO | Map back, break       : 2m 27s 
| 20260505 15:44:30.806 | INFO | Merge clusters
| 20260505 15:44:31.719 | INFO | Snapshot : 300.0% / 3T / 27.6G
| 20260505 15:44:32.406 | INFO | Clustering            : 1s 599ms 
| 20260505 15:44:32.407 | INFO | Map back, merge
| 20260505 15:44:33.106 | INFO | Map back, merge       : 699ms 525us 
| 20260505 15:44:33.107 | INFO | Consensus
| 20260505 15:44:36.721 | INFO | Snapshot : 1488.6% / 164T / 49.7G
| 20260505 15:44:41.720 | INFO | Snapshot : 2065.5% / 164T / 41.1G
| 20260505 15:44:46.721 | INFO | Snapshot : 2113.4% / 164T / 44.1G
| 20260505 15:44:51.721 | INFO | Snapshot : 2162.6% / 164T / 41.6G
| 20260505 15:44:56.724 | INFO | Snapshot : 2123.0% / 164T / 41.0G
| 20260505 15:45:01.721 | INFO | Snapshot : 2154.5% / 164T / 40.8G
| 20260505 15:45:06.720 | INFO | Snapshot : 2115.1% / 164T / 40.2G
| 20260505 15:45:11.720 | INFO | Snapshot : 2146.9% / 164T / 41.7G
| 20260505 15:45:16.730 | INFO | Snapshot : 2010.9% / 164T / 41.6G
| 20260505 15:45:21.720 | INFO | Snapshot : 2141.8% / 164T / 40.9G
| 20260505 15:45:26.728 | INFO | Snapshot : 2088.6% / 164T / 39.5G
| 20260505 15:45:31.720 | INFO | Snapshot : 2086.0% / 164T / 39.8G
| 20260505 15:45:36.720 | INFO | Snapshot : 2114.1% / 164T / 39.1G
| 20260505 15:45:41.720 | INFO | Snapshot : 2043.5% / 164T / 39.9G
| 20260505 15:45:46.720 | INFO | Snapshot : 2052.5% / 164T / 38.5G
| 20260505 15:45:51.727 | INFO | Snapshot : 2042.8% / 164T / 39.3G
| 20260505 15:45:56.721 | INFO | Snapshot : 2075.5% / 164T / 39.1G
| 20260505 15:46:01.720 | INFO | Snapshot : 1979.5% / 164T / 38.6G
| 20260505 15:46:06.721 | INFO | Snapshot : 2025.5% / 164T / 40.0G
| 20260505 15:46:11.720 | INFO | Snapshot : 2086.7% / 164T / 38.3G
| 20260505 15:46:16.720 | INFO | Snapshot : 2052.5% / 164T / 36.8G
| 20260505 15:46:21.719 | INFO | Snapshot : 1971.5% / 164T / 36.5G
| 20260505 15:46:26.720 | INFO | Snapshot : 2005.8% / 164T / 36.8G
| 20260505 15:46:31.722 | INFO | Snapshot : 1951.0% / 164T / 37.8G
| 20260505 15:46:36.720 | INFO | Snapshot : 2127.1% / 164T / 38.0G
| 20260505 15:46:41.721 | INFO | Snapshot : 2107.2% / 164T / 36.7G
| 20260505 15:46:46.720 | INFO | Snapshot : 1964.1% / 164T / 37.7G
| 20260505 15:46:51.720 | INFO | Snapshot : 1993.1% / 164T / 36.8G
| 20260505 15:46:56.719 | INFO | Snapshot : 2050.7% / 164T / 37.9G
| 20260505 15:47:01.720 | INFO | Snapshot : 1973.9% / 164T / 37.2G
| 20260505 15:47:06.720 | INFO | Snapshot : 1953.5% / 164T / 37.2G
| 20260505 15:47:11.721 | INFO | Snapshot : 2018.1% / 164T / 35.5G
| 20260505 15:47:16.720 | INFO | Snapshot : 2037.9% / 164T / 37.2G
| 20260505 15:47:21.719 | INFO | Snapshot : 2107.3% / 164T / 35.8G
| 20260505 15:47:26.721 | INFO | Snapshot : 1988.4% / 164T / 35.9G
| 20260505 15:47:31.720 | INFO | Snapshot : 1972.0% / 164T / 37.0G
| 20260505 15:47:36.720 | INFO | Snapshot : 1975.5% / 164T / 35.8G
| 20260505 15:47:41.721 | INFO | Snapshot : 2012.7% / 164T / 35.9G
| 20260505 15:47:46.720 | INFO | Snapshot : 2025.9% / 164T / 36.8G
| 20260505 15:47:51.720 | INFO | Snapshot : 1980.9% / 164T / 36.6G
| 20260505 15:47:56.720 | INFO | Snapshot : 1963.0% / 164T / 35.5G
| 20260505 15:48:01.720 | INFO | Snapshot : 1994.3% / 164T / 36.7G
| 20260505 15:48:06.721 | INFO | Snapshot : 1999.9% / 164T / 36.7G
| 20260505 15:48:11.720 | INFO | Snapshot : 1984.9% / 164T / 35.4G
| 20260505 15:48:16.722 | INFO | Snapshot : 2010.4% / 164T / 35.3G
| 20260505 15:48:21.720 | INFO | Snapshot : 1966.7% / 164T / 36.6G
| 20260505 15:48:26.727 | INFO | Snapshot : 2030.5% / 164T / 35.7G
| 20260505 15:48:31.720 | INFO | Snapshot : 1981.7% / 164T / 34.5G
| 20260505 15:48:36.721 | INFO | Snapshot : 1964.4% / 164T / 36.7G
| 20260505 15:48:41.721 | INFO | Snapshot : 1947.9% / 164T / 35.5G
| 20260505 15:48:46.720 | INFO | Snapshot : 1993.9% / 164T / 35.7G
| 20260505 15:48:51.720 | INFO | Snapshot : 1994.1% / 164T / 35.5G
| 20260505 15:48:56.720 | INFO | Snapshot : 2001.4% / 164T / 35.8G
| 20260505 15:49:01.719 | INFO | Snapshot : 2091.9% / 164T / 35.7G
| 20260505 15:49:06.720 | INFO | Snapshot : 2027.9% / 164T / 35.3G
| 20260505 15:49:11.720 | INFO | Snapshot : 1998.9% / 164T / 34.5G
| 20260505 15:49:16.720 | INFO | Snapshot : 2008.9% / 164T / 35.9G
| 20260505 15:49:21.720 | INFO | Snapshot : 1989.5% / 164T / 34.8G
| 20260505 15:49:26.721 | INFO | Snapshot : 2016.9% / 164T / 34.5G
| 20260505 15:49:31.721 | INFO | Snapshot : 2022.2% / 164T / 34.3G
| 20260505 15:49:36.720 | INFO | Snapshot : 1983.7% / 164T / 35.2G
| 20260505 15:49:41.720 | INFO | Snapshot : 1966.7% / 164T / 34.5G
| 20260505 15:49:46.722 | INFO | Snapshot : 1982.6% / 164T / 34.8G
| 20260505 15:49:51.720 | INFO | Snapshot : 2064.3% / 164T / 34.7G
| 20260505 15:49:56.721 | INFO | Snapshot : 2050.4% / 164T / 34.1G
| 20260505 15:50:01.720 | INFO | Snapshot : 2005.3% / 164T / 35.0G
| 20260505 15:50:06.720 | INFO | Snapshot : 1956.3% / 164T / 34.4G
| 20260505 15:50:11.721 | INFO | Snapshot : 2031.2% / 164T / 34.7G
| 20260505 15:50:16.720 | INFO | Snapshot : 1918.7% / 164T / 34.3G
| 20260505 15:50:21.720 | INFO | Snapshot : 1963.7% / 164T / 34.6G
| 20260505 15:50:26.720 | INFO | Snapshot : 2003.5% / 164T / 34.3G
| 20260505 15:50:31.719 | INFO | Snapshot : 1953.5% / 164T / 35.0G
| 20260505 15:50:36.721 | INFO | Snapshot : 2037.9% / 164T / 35.1G
| 20260505 15:50:41.719 | INFO | Snapshot : 1990.5% / 164T / 34.9G
| 20260505 15:50:46.720 | INFO | Snapshot : 1942.1% / 164T / 34.0G
| 20260505 15:50:51.720 | INFO | Snapshot : 1983.7% / 164T / 34.7G
| 20260505 15:50:56.721 | INFO | Snapshot : 1951.6% / 164T / 33.9G
| 20260505 15:51:01.721 | INFO | Snapshot : 1914.7% / 164T / 34.4G
| 20260505 15:51:06.720 | INFO | Snapshot : 1968.3% / 164T / 34.8G
| 20260505 15:51:11.720 | INFO | Snapshot : 2019.3% / 164T / 34.5G
| 20260505 15:51:16.719 | INFO | Snapshot : 1951.9% / 164T / 34.8G
| 20260505 15:51:21.720 | INFO | Snapshot : 1957.7% / 164T / 33.6G
| 20260505 15:51:26.722 | INFO | Snapshot : 1972.0% / 164T / 34.0G
| 20260505 15:51:31.721 | INFO | Snapshot : 1910.9% / 164T / 34.1G
| 20260505 15:51:36.721 | INFO | Snapshot : 1946.6% / 164T / 34.3G
| 20260505 15:51:41.720 | INFO | Snapshot : 2030.5% / 164T / 34.3G
| 20260505 15:51:46.721 | INFO | Snapshot : 1958.5% / 164T / 34.2G
| 20260505 15:51:51.721 | INFO | Snapshot : 1988.6% / 164T / 34.5G
| 20260505 15:51:56.720 | INFO | Snapshot : 1943.5% / 164T / 34.2G
| 20260505 15:52:01.720 | INFO | Snapshot : 1954.7% / 164T / 33.9G
| 20260505 15:52:06.719 | INFO | Snapshot : 2022.9% / 164T / 33.9G
| 20260505 15:52:11.720 | INFO | Snapshot : 2043.9% / 164T / 33.4G
| 20260505 15:52:16.722 | INFO | Snapshot : 1961.6% / 164T / 34.7G
| 20260505 15:52:21.720 | INFO | Snapshot : 1942.5% / 164T / 33.4G
| 20260505 15:52:26.720 | INFO | Snapshot : 2030.5% / 164T / 34.0G
| 20260505 15:52:31.720 | INFO | Snapshot : 2068.7% / 164T / 34.0G
| 20260505 15:52:36.721 | INFO | Snapshot : 1995.8% / 164T / 34.0G
| 20260505 15:52:41.721 | INFO | Snapshot : 1955.3% / 164T / 34.1G
| 20260505 15:52:46.720 | INFO | Snapshot : 1975.1% / 164T / 34.3G
| 20260505 15:52:51.720 | INFO | Snapshot : 1977.5% / 164T / 34.3G
| 20260505 15:52:56.719 | INFO | Snapshot : 1961.7% / 164T / 33.7G
| 20260505 15:53:01.720 | INFO | Snapshot : 2032.9% / 164T / 33.2G
| 20260505 15:53:06.720 | INFO | Snapshot : 1940.3% / 164T / 33.9G
| 20260505 15:53:11.722 | INFO | Snapshot : 2019.4% / 164T / 33.5G
| 20260505 15:53:16.720 | INFO | Snapshot : 1973.9% / 164T / 33.8G
| 20260505 15:53:21.719 | INFO | Snapshot : 1929.7% / 164T / 33.3G
| 20260505 15:53:26.722 | INFO | Snapshot : 1922.4% / 164T / 34.1G
| 20260505 15:53:31.720 | INFO | Snapshot : 2014.1% / 164T / 33.6G
| 20260505 15:53:36.732 | INFO | Snapshot : 2012.2% / 164T / 34.4G
| 20260505 15:53:41.720 | INFO | Snapshot : 1915.5% / 164T / 33.7G
| 20260505 15:53:46.721 | INFO | Snapshot : 1894.0% / 164T / 33.4G
| 20260505 15:53:51.721 | INFO | Snapshot : 1921.2% / 164T / 33.0G
| 20260505 15:53:56.730 | INFO | Snapshot : 1927.3% / 164T / 33.6G
| 20260505 15:54:01.721 | INFO | Snapshot : 1933.7% / 164T / 33.5G
| 20260505 15:54:06.730 | INFO | Snapshot : 2002.8% / 164T / 33.5G
| 20260505 15:54:11.721 | INFO | Snapshot : 1982.2% / 164T / 33.7G
| 20260505 15:54:16.719 | INFO | Snapshot : 1990.1% / 164T / 34.6G
| 20260505 15:54:21.720 | INFO | Snapshot : 2017.5% / 164T / 33.4G
| 20260505 15:54:26.720 | INFO | Snapshot : 1947.5% / 164T / 33.8G
| 20260505 15:54:31.720 | INFO | Snapshot : 1965.7% / 164T / 33.2G
| 20260505 15:54:36.720 | INFO | Snapshot : 1921.8% / 164T / 34.3G
| 20260505 15:54:41.720 | INFO | Snapshot : 2049.3% / 164T / 32.6G
| 20260505 15:54:46.721 | INFO | Snapshot : 1879.7% / 164T / 33.4G
| 20260505 15:54:51.720 | INFO | Snapshot : 1922.7% / 164T / 32.8G
| 20260505 15:54:56.729 | INFO | Snapshot : 1853.1% / 164T / 33.8G
| 20260505 15:55:01.720 | INFO | Snapshot : 1945.4% / 164T / 33.3G
| 20260505 15:55:06.719 | INFO | Snapshot : 1994.5% / 164T / 33.8G
| 20260505 15:55:11.721 | INFO | Snapshot : 1986.9% / 164T / 33.2G
| 20260505 15:55:16.719 | INFO | Snapshot : 1992.7% / 164T / 33.6G
| 20260505 15:55:21.719 | INFO | Snapshot : 1934.3% / 164T / 33.2G
| 20260505 15:55:26.721 | INFO | Snapshot : 1908.7% / 164T / 33.4G
| 20260505 15:55:31.720 | INFO | Snapshot : 1951.5% / 164T / 33.1G
| 20260505 15:55:36.720 | INFO | Snapshot : 1950.3% / 164T / 33.6G
| 20260505 15:55:41.719 | INFO | Snapshot : 1934.9% / 164T / 33.4G
| 20260505 15:55:46.720 | INFO | Snapshot : 1914.1% / 164T / 33.7G
| 20260505 15:55:51.720 | INFO | Snapshot : 1952.5% / 164T / 33.4G
| 20260505 15:55:56.720 | INFO | Snapshot : 2008.5% / 164T / 33.2G
| 20260505 15:56:01.726 | INFO | Snapshot : 2013.6% / 164T / 33.6G
| 20260505 15:56:06.720 | INFO | Snapshot : 1918.4% / 164T / 33.7G
| 20260505 15:56:11.720 | INFO | Snapshot : 1904.7% / 164T / 33.0G
| 20260505 15:56:16.719 | INFO | Snapshot : 1947.1% / 164T / 32.9G
| 20260505 15:56:21.719 | INFO | Snapshot : 1938.5% / 164T / 33.3G
| 20260505 15:56:26.720 | INFO | Snapshot : 1991.1% / 164T / 33.1G
| 20260505 15:56:31.721 | INFO | Snapshot : 1950.2% / 164T / 33.1G
| 20260505 15:56:36.721 | INFO | Snapshot : 1941.4% / 164T / 32.9G
| 20260505 15:56:41.719 | INFO | Snapshot : 1956.5% / 164T / 33.3G
| 20260505 15:56:46.720 | INFO | Snapshot : 1898.9% / 164T / 33.2G
| 20260505 15:56:51.720 | INFO | Snapshot : 1914.5% / 164T / 33.1G
| 20260505 15:56:56.721 | INFO | Snapshot : 1929.8% / 164T / 33.3G
| 20260505 15:57:01.720 | INFO | Snapshot : 1916.5% / 164T / 33.4G
| 20260505 15:57:06.720 | INFO | Snapshot : 1976.3% / 164T / 33.1G
| 20260505 15:57:11.720 | INFO | Snapshot : 2005.5% / 164T / 32.7G
| 20260505 15:57:16.720 | INFO | Snapshot : 1926.3% / 164T / 33.3G
| 20260505 15:57:21.719 | INFO | Snapshot : 1898.5% / 164T / 33.4G
| 20260505 15:57:26.721 | INFO | Snapshot : 1974.2% / 164T / 33.1G
| 20260505 15:57:31.721 | INFO | Snapshot : 1933.3% / 164T / 32.4G
| 20260505 15:57:36.720 | INFO | Snapshot : 1966.7% / 164T / 32.5G
| 20260505 15:57:41.720 | INFO | Snapshot : 1851.1% / 164T / 33.3G
| 20260505 15:57:46.719 | INFO | Snapshot : 1947.9% / 164T / 33.1G
| 20260505 15:57:51.724 | INFO | Snapshot : 1961.5% / 164T / 33.4G
| 20260505 15:57:56.729 | INFO | Snapshot : 2006.1% / 164T / 33.0G
| 20260505 15:58:01.719 | INFO | Snapshot : 1978.3% / 164T / 32.8G
| 20260505 15:58:06.720 | INFO | Snapshot : 1944.7% / 164T / 32.9G
| 20260505 15:58:11.720 | INFO | Snapshot : 1924.1% / 164T / 33.0G
| 20260505 15:58:16.720 | INFO | Snapshot : 1918.3% / 164T / 32.6G
| 20260505 15:58:21.719 | INFO | Snapshot : 1950.9% / 164T / 32.3G
| 20260505 15:58:26.720 | INFO | Snapshot : 1883.2% / 164T / 32.4G
| 20260505 15:58:31.721 | INFO | Snapshot : 1889.3% / 164T / 32.4G
| 20260505 15:58:36.719 | INFO | Snapshot : 1960.5% / 164T / 32.5G
| 20260505 15:58:41.719 | INFO | Snapshot : 2032.7% / 164T / 32.8G
| 20260505 15:58:46.720 | INFO | Snapshot : 1975.5% / 164T / 32.8G
| 20260505 15:58:51.720 | INFO | Snapshot : 1976.7% / 164T / 32.8G
| 20260505 15:58:56.720 | INFO | Snapshot : 1967.1% / 164T / 33.3G
| 20260505 15:59:01.719 | INFO | Snapshot : 1966.9% / 164T / 32.8G
| 20260505 15:59:06.719 | INFO | Snapshot : 1912.7% / 164T / 32.6G
| 20260505 15:59:11.725 | INFO | Snapshot : 1949.6% / 164T / 33.0G
| 20260505 15:59:16.719 | INFO | Snapshot : 1978.1% / 164T / 32.9G
| 20260505 15:59:21.719 | INFO | Snapshot : 1944.7% / 164T / 32.6G
| 20260505 15:59:26.720 | INFO | Snapshot : 1932.3% / 164T / 33.0G
| 20260505 15:59:31.720 | INFO | Snapshot : 1933.5% / 164T / 32.7G
| 20260505 15:59:36.720 | INFO | Snapshot : 1982.5% / 164T / 32.8G
| 20260505 15:59:41.719 | INFO | Snapshot : 2033.5% / 164T / 32.9G
| 20260505 15:59:46.720 | INFO | Snapshot : 2051.2% / 164T / 32.5G
| 20260505 15:59:51.720 | INFO | Snapshot : 1999.5% / 164T / 33.1G
| 20260505 15:59:56.722 | INFO | Snapshot : 1930.9% / 164T / 32.6G
| 20260505 16:00:01.720 | INFO | Snapshot : 1915.3% / 164T / 33.0G
| 20260505 16:00:06.720 | INFO | Snapshot : 1841.3% / 164T / 32.5G
| 20260505 16:00:11.719 | INFO | Snapshot : 1963.5% / 164T / 32.7G
| 20260505 16:00:16.720 | INFO | Snapshot : 1923.5% / 164T / 32.8G
| 20260505 16:00:21.721 | INFO | Snapshot : 1962.6% / 164T / 32.3G
| 20260505 16:00:26.721 | INFO | Snapshot : 1990.2% / 164T / 32.6G
| 20260505 16:00:31.720 | INFO | Snapshot : 1959.9% / 164T / 32.6G
| 20260505 16:00:36.721 | INFO | Snapshot : 2020.3% / 164T / 32.7G
| 20260505 16:00:41.720 | INFO | Snapshot : 2066.3% / 164T / 32.2G
| 20260505 16:00:46.723 | INFO | Snapshot : 2095.4% / 164T / 32.5G
| 20260505 16:00:51.722 | INFO | Snapshot : 1955.1% / 164T / 32.8G
| 20260505 16:00:56.720 | INFO | Snapshot : 1933.7% / 164T / 32.7G
| 20260505 16:01:01.720 | INFO | Snapshot : 1951.5% / 164T / 32.8G
| 20260505 16:01:06.722 | INFO | Snapshot : 1971.8% / 164T / 32.8G
| 20260505 16:01:11.720 | INFO | Snapshot : 1991.1% / 164T / 32.4G
| 20260505 16:01:16.723 | INFO | Snapshot : 1994.0% / 164T / 32.5G
| 20260505 16:01:21.728 | INFO | Snapshot : 1938.3% / 164T / 32.9G
| 20260505 16:01:26.721 | INFO | Snapshot : 1945.7% / 164T / 32.8G
| 20260505 16:01:31.720 | INFO | Snapshot : 2030.5% / 164T / 31.9G
| 20260505 16:01:36.720 | INFO | Snapshot : 2024.5% / 164T / 32.9G
| 20260505 16:01:41.720 | INFO | Snapshot : 1993.8% / 164T / 33.0G
| 20260505 16:01:46.730 | INFO | Snapshot : 1979.7% / 164T / 32.4G
| 20260505 16:01:51.720 | INFO | Snapshot : 1985.1% / 164T / 32.5G
| 20260505 16:01:56.731 | INFO | Snapshot : 1925.1% / 164T / 32.7G
| 20260505 16:02:01.721 | INFO | Snapshot : 1976.0% / 164T / 32.4G
| 20260505 16:02:06.720 | INFO | Snapshot : 1949.3% / 164T / 32.0G
| 20260505 16:02:11.719 | INFO | Snapshot : 1990.7% / 164T / 32.5G
| 20260505 16:02:16.720 | INFO | Snapshot : 1974.9% / 164T / 32.5G
| 20260505 16:02:21.720 | INFO | Snapshot : 1989.7% / 164T / 32.5G
| 20260505 16:02:26.720 | INFO | Snapshot : 1924.3% / 164T / 32.7G
| 20260505 16:02:31.720 | INFO | Snapshot : 2023.3% / 164T / 32.9G
| 20260505 16:02:36.720 | INFO | Snapshot : 1931.4% / 164T / 31.7G
| 20260505 16:02:41.721 | INFO | Snapshot : 1946.8% / 164T / 32.5G
| 20260505 16:02:46.720 | INFO | Snapshot : 2050.5% / 164T / 32.4G
| 20260505 16:02:51.720 | INFO | Snapshot : 1911.9% / 164T / 32.3G
| 20260505 16:02:56.721 | INFO | Snapshot : 2004.4% / 164T / 32.2G
| 20260505 16:03:01.720 | INFO | Snapshot : 1966.1% / 164T / 32.8G
| 20260505 16:03:06.720 | INFO | Snapshot : 1948.7% / 164T / 32.5G
| 20260505 16:03:11.719 | INFO | Snapshot : 1977.1% / 164T / 32.5G
| 20260505 16:03:16.722 | INFO | Snapshot : 1911.7% / 164T / 32.1G
| 20260505 16:03:21.720 | INFO | Snapshot : 1920.9% / 164T / 31.7G
| 20260505 16:03:26.721 | INFO | Snapshot : 1902.5% / 164T / 32.1G
| 20260505 16:03:31.720 | INFO | Snapshot : 1958.7% / 164T / 32.5G
| 20260505 16:03:36.720 | INFO | Snapshot : 1990.3% / 164T / 32.7G
| 20260505 16:03:41.719 | INFO | Snapshot : 2035.7% / 164T / 32.0G
| 20260505 16:03:46.719 | INFO | Snapshot : 1987.1% / 164T / 32.6G
| 20260505 16:03:51.720 | INFO | Snapshot : 2021.9% / 164T / 32.2G
| 20260505 16:03:56.726 | INFO | Snapshot : 2013.3% / 164T / 32.3G
| 20260505 16:04:01.720 | INFO | Snapshot : 1900.8% / 164T / 32.5G
| 20260505 16:04:06.720 | INFO | Snapshot : 1923.1% / 164T / 32.5G
| 20260505 16:04:11.728 | INFO | Snapshot : 1937.7% / 164T / 32.2G
| 20260505 16:04:16.720 | INFO | Snapshot : 2000.7% / 164T / 32.4G
| 20260505 16:04:21.720 | INFO | Snapshot : 1946.3% / 164T / 32.3G
| 20260505 16:04:26.719 | INFO | Snapshot : 1979.9% / 164T / 32.3G
| 20260505 16:04:31.720 | INFO | Snapshot : 1997.3% / 164T / 32.4G
| 20260505 16:04:36.720 | INFO | Snapshot : 1954.3% / 164T / 32.1G
| 20260505 16:04:41.720 | INFO | Snapshot : 1971.3% / 164T / 32.1G
| 20260505 16:04:46.720 | INFO | Snapshot : 1999.7% / 164T / 32.1G
| 20260505 16:04:51.719 | INFO | Snapshot : 2109.5% / 164T / 32.6G
| 20260505 16:04:56.720 | INFO | Snapshot : 2047.5% / 164T / 32.4G
| 20260505 16:05:01.721 | INFO | Snapshot : 1990.4% / 164T / 32.0G
| 20260505 16:05:06.720 | INFO | Snapshot : 1969.3% / 164T / 32.3G
| 20260505 16:05:11.720 | INFO | Snapshot : 1930.7% / 164T / 32.2G
| 20260505 16:05:16.720 | INFO | Snapshot : 1972.8% / 164T / 32.2G
| 20260505 16:05:21.720 | INFO | Snapshot : 1869.9% / 164T / 31.9G
| 20260505 16:05:26.720 | INFO | Snapshot : 1954.5% / 164T / 32.1G
| 20260505 16:05:31.720 | INFO | Snapshot : 1921.9% / 164T / 32.1G
| 20260505 16:05:36.720 | INFO | Snapshot : 1965.9% / 164T / 31.9G
| 20260505 16:05:41.720 | INFO | Snapshot : 1985.3% / 164T / 32.0G
| 20260505 16:05:46.719 | INFO | Snapshot : 2011.5% / 164T / 32.4G
| 20260505 16:05:51.720 | INFO | Snapshot : 1998.3% / 164T / 32.5G
| 20260505 16:05:56.720 | INFO | Snapshot : 1971.5% / 164T / 32.5G
| 20260505 16:06:01.720 | INFO | Snapshot : 2018.3% / 164T / 31.7G
| 20260505 16:06:06.726 | INFO | Snapshot : 1999.3% / 164T / 32.1G
| 20260505 16:06:11.720 | INFO | Snapshot : 1995.7% / 164T / 31.9G
| 20260505 16:06:16.720 | INFO | Snapshot : 2037.1% / 164T / 31.4G
| 20260505 16:06:21.720 | INFO | Snapshot : 2039.2% / 164T / 31.7G
| 20260505 16:06:26.720 | INFO | Snapshot : 1949.5% / 164T / 31.6G
| 20260505 16:06:31.721 | INFO | Snapshot : 1949.6% / 164T / 32.1G
| 20260505 16:06:36.720 | INFO | Snapshot : 1929.7% / 164T / 31.6G
| 20260505 16:06:41.719 | INFO | Snapshot : 1845.7% / 164T / 32.1G
| 20260505 16:06:46.720 | INFO | Snapshot : 1897.1% / 164T / 32.1G
| 20260505 16:06:51.720 | INFO | Snapshot : 1884.0% / 164T / 32.2G
| 20260505 16:06:56.719 | INFO | Snapshot : 1944.5% / 164T / 32.5G
| 20260505 16:07:01.720 | INFO | Snapshot : 1928.7% / 164T / 31.8G
| 20260505 16:07:06.720 | INFO | Snapshot : 1980.1% / 164T / 31.9G
| 20260505 16:07:11.721 | INFO | Snapshot : 2034.1% / 164T / 31.9G
| 20260505 16:07:16.721 | INFO | Snapshot : 1952.6% / 164T / 31.5G
| 20260505 16:07:21.720 | INFO | Snapshot : 2005.8% / 164T / 32.5G
| 20260505 16:07:26.720 | INFO | Snapshot : 1974.5% / 164T / 31.6G
| 20260505 16:07:31.719 | INFO | Snapshot : 1931.9% / 164T / 32.2G
| 20260505 16:07:36.719 | INFO | Snapshot : 2011.5% / 164T / 32.4G
| 20260505 16:07:41.722 | INFO | Snapshot : 1936.5% / 164T / 32.0G
| 20260505 16:07:46.720 | INFO | Snapshot : 1952.1% / 164T / 31.6G
| 20260505 16:07:51.720 | INFO | Snapshot : 1900.1% / 164T / 31.8G
| 20260505 16:07:56.719 | INFO | Snapshot : 2033.7% / 164T / 32.2G
| 20260505 16:08:01.720 | INFO | Snapshot : 1958.3% / 164T / 32.0G
| 20260505 16:08:06.721 | INFO | Snapshot : 2013.4% / 164T / 31.5G
| 20260505 16:08:11.721 | INFO | Snapshot : 1939.1% / 164T / 32.0G
| 20260505 16:08:16.720 | INFO | Snapshot : 2006.5% / 164T / 31.8G
| 20260505 16:08:21.729 | INFO | Snapshot : 2012.5% / 164T / 31.6G
| 20260505 16:08:26.720 | INFO | Snapshot : 1963.7% / 164T / 31.8G
| 20260505 16:08:31.728 | INFO | Snapshot : 1999.9% / 164T / 31.8G
| 20260505 16:08:36.728 | INFO | Snapshot : 1979.0% / 164T / 31.8G
| 20260505 16:08:41.720 | INFO | Snapshot : 2017.8% / 164T / 31.9G
| 20260505 16:08:46.722 | INFO | Snapshot : 1984.5% / 164T / 31.8G
| 20260505 16:08:51.720 | INFO | Snapshot : 1921.7% / 164T / 31.5G
| 20260505 16:08:56.720 | INFO | Snapshot : 1944.7% / 164T / 31.6G
| 20260505 16:09:01.719 | INFO | Snapshot : 1889.9% / 164T / 31.8G
| 20260505 16:09:06.720 | INFO | Snapshot : 1908.9% / 164T / 32.0G
| 20260505 16:09:11.720 | INFO | Snapshot : 1980.9% / 164T / 31.5G
| 20260505 16:09:16.720 | INFO | Snapshot : 1946.5% / 164T / 32.0G
| 20260505 16:09:21.719 | INFO | Snapshot : 1959.3% / 164T / 32.0G
| 20260505 16:09:26.719 | INFO | Snapshot : 1975.5% / 164T / 31.9G
| 20260505 16:09:31.720 | INFO | Snapshot : 1970.9% / 164T / 31.3G
| 20260505 16:09:36.720 | INFO | Snapshot : 1907.7% / 164T / 31.8G
| 20260505 16:09:41.720 | INFO | Snapshot : 1984.9% / 164T / 32.0G
| 20260505 16:09:46.727 | INFO | Snapshot : 1914.3% / 164T / 31.7G
| 20260505 16:09:51.720 | INFO | Snapshot : 2030.4% / 164T / 31.9G
| 20260505 16:09:56.719 | INFO | Snapshot : 1976.5% / 164T / 31.7G
| 20260505 16:10:01.720 | INFO | Snapshot : 2077.1% / 164T / 31.6G
| 20260505 16:10:06.720 | INFO | Snapshot : 2002.7% / 164T / 31.7G
| 20260505 16:10:11.727 | INFO | Snapshot : 1946.9% / 164T / 31.5G
| 20260505 16:10:16.720 | INFO | Snapshot : 2001.4% / 164T / 31.8G
| 20260505 16:10:21.720 | INFO | Snapshot : 1933.9% / 164T / 31.9G
| 20260505 16:10:26.721 | INFO | Snapshot : 1890.2% / 164T / 31.4G
| 20260505 16:10:31.719 | INFO | Snapshot : 1876.5% / 164T / 31.0G
| 20260505 16:10:36.720 | INFO | Snapshot : 1912.1% / 164T / 31.7G
| 20260505 16:10:41.721 | INFO | Snapshot : 1938.4% / 164T / 31.9G
| 20260505 16:10:46.720 | INFO | Snapshot : 1901.1% / 164T / 31.1G
| 20260505 16:10:51.721 | INFO | Snapshot : 1924.8% / 164T / 31.7G
| 20260505 16:10:56.720 | INFO | Snapshot : 1947.1% / 164T / 31.6G
| 20260505 16:11:01.719 | INFO | Snapshot : 1922.3% / 164T / 31.6G
| 20260505 16:11:06.720 | INFO | Snapshot : 1932.5% / 164T / 31.5G
| 20260505 16:11:11.720 | INFO | Snapshot : 1925.1% / 164T / 31.7G
| 20260505 16:11:16.720 | INFO | Snapshot : 2025.0% / 164T / 31.8G
| 20260505 16:11:21.720 | INFO | Snapshot : 1987.6% / 164T / 31.8G
| 20260505 16:11:26.720 | INFO | Snapshot : 1974.5% / 164T / 31.7G
| 20260505 16:11:31.720 | INFO | Snapshot : 1944.7% / 164T / 31.5G
| 20260505 16:11:36.721 | INFO | Snapshot : 1898.7% / 164T / 31.6G
| 20260505 16:11:41.720 | INFO | Snapshot : 1946.3% / 164T / 31.0G
| 20260505 16:11:46.721 | INFO | Snapshot : 1859.7% / 164T / 31.8G
| 20260505 16:11:51.720 | INFO | Snapshot : 1879.7% / 164T / 31.7G
| 20260505 16:11:56.720 | INFO | Snapshot : 1919.9% / 164T / 31.5G
| 20260505 16:12:01.719 | INFO | Snapshot : 1987.9% / 164T / 31.6G
| 20260505 16:12:06.719 | INFO | Snapshot : 1887.5% / 164T / 31.7G
| 20260505 16:12:11.720 | INFO | Snapshot : 1976.3% / 164T / 31.7G
| 20260505 16:12:16.720 | INFO | Snapshot : 1862.9% / 164T / 31.7G
| 20260505 16:12:21.720 | INFO | Snapshot : 1957.9% / 164T / 31.6G
| 20260505 16:12:26.721 | INFO | Snapshot : 1893.4% / 164T / 31.5G
| 20260505 16:12:31.719 | INFO | Snapshot : 2004.3% / 164T / 32.0G
| 20260505 16:12:36.720 | INFO | Snapshot : 1993.7% / 164T / 31.5G
| 20260505 16:12:41.720 | INFO | Snapshot : 2019.5% / 164T / 31.6G
| 20260505 16:12:46.720 | INFO | Snapshot : 2038.1% / 164T / 31.6G
| 20260505 16:12:51.728 | INFO | Snapshot : 1941.1% / 164T / 31.5G
| 20260505 16:12:56.720 | INFO | Snapshot : 1921.0% / 164T / 31.6G
| 20260505 16:13:01.720 | INFO | Snapshot : 1955.1% / 164T / 31.2G
| 20260505 16:13:06.787 | INFO | Snapshot : 1883.3% / 164T / 31.2G
| 20260505 16:13:11.720 | INFO | Snapshot : 1866.8% / 164T / 31.6G
| 20260505 16:13:16.720 | INFO | Snapshot : 1833.5% / 164T / 31.5G
| 20260505 16:13:21.722 | INFO | Snapshot : 1913.5% / 164T / 31.4G
| 20260505 16:13:26.721 | INFO | Snapshot : 1963.8% / 164T / 31.4G
| 20260505 16:13:31.720 | INFO | Snapshot : 1868.5% / 164T / 31.4G
| 20260505 16:13:36.720 | INFO | Snapshot : 1841.1% / 164T / 31.2G
| 20260505 16:13:41.721 | INFO | Snapshot : 1901.2% / 164T / 30.9G
| 20260505 16:13:46.720 | INFO | Snapshot : 1942.9% / 164T / 31.3G
| 20260505 16:13:51.720 | INFO | Snapshot : 1894.5% / 164T / 31.0G
| 20260505 16:13:56.720 | INFO | Snapshot : 1985.3% / 164T / 31.0G
| 20260505 16:14:01.719 | INFO | Snapshot : 1956.9% / 164T / 31.2G
| 20260505 16:14:06.720 | INFO | Snapshot : 1977.9% / 164T / 31.4G
| 20260505 16:14:11.720 | INFO | Snapshot : 1927.7% / 164T / 31.3G
| 20260505 16:14:16.720 | INFO | Snapshot : 2027.9% / 164T / 31.5G
| 20260505 16:14:21.719 | INFO | Snapshot : 1954.1% / 164T / 31.2G
| 20260505 16:14:26.720 | INFO | Snapshot : 1974.7% / 164T / 31.0G
| 20260505 16:14:31.720 | INFO | Snapshot : 1949.7% / 164T / 31.3G
| 20260505 16:14:36.720 | INFO | Snapshot : 1879.9% / 164T / 31.6G
| 20260505 16:14:41.720 | INFO | Snapshot : 1924.1% / 164T / 31.2G
| 20260505 16:14:46.719 | INFO | Snapshot : 1947.1% / 164T / 31.4G
| 20260505 16:14:51.721 | INFO | Snapshot : 1925.1% / 164T / 31.3G
| 20260505 16:14:56.720 | INFO | Snapshot : 1948.9% / 164T / 31.4G
| 20260505 16:15:01.720 | INFO | Snapshot : 1972.2% / 164T / 31.3G
| 20260505 16:15:06.719 | INFO | Snapshot : 1904.1% / 164T / 31.3G
| 20260505 16:15:11.720 | INFO | Snapshot : 1902.7% / 164T / 31.5G
| 20260505 16:15:16.720 | INFO | Snapshot : 2010.1% / 164T / 31.4G
| 20260505 16:15:21.719 | INFO | Snapshot : 1944.1% / 164T / 31.4G
| 20260505 16:15:26.719 | INFO | Snapshot : 2020.3% / 164T / 31.3G
| 20260505 16:15:31.720 | INFO | Snapshot : 2022.1% / 164T / 31.5G
| 20260505 16:15:36.720 | INFO | Snapshot : 1938.1% / 164T / 30.8G
| 20260505 16:15:41.720 | INFO | Snapshot : 2001.7% / 164T / 31.2G
| 20260505 16:15:46.719 | INFO | Snapshot : 1943.5% / 164T / 31.6G
| 20260505 16:15:51.720 | INFO | Snapshot : 2056.7% / 164T / 31.6G
| 20260505 16:15:56.720 | INFO | Snapshot : 2010.2% / 164T / 31.4G
| 20260505 16:16:01.719 | INFO | Snapshot : 1909.4% / 164T / 30.9G
| 20260505 16:16:06.719 | INFO | Snapshot : 1925.8% / 164T / 31.2G
| 20260505 16:16:11.720 | INFO | Snapshot : 1950.4% / 164T / 31.1G
| 20260505 16:16:16.720 | INFO | Snapshot : 1964.7% / 164T / 31.5G
| 20260505 16:16:21.720 | INFO | Snapshot : 1928.3% / 164T / 30.8G
| 20260505 16:16:26.720 | INFO | Snapshot : 1899.5% / 164T / 31.0G
| 20260505 16:16:31.721 | INFO | Snapshot : 1847.6% / 164T / 31.0G
| 20260505 16:16:36.720 | INFO | Snapshot : 1910.3% / 164T / 31.1G
| 20260505 16:16:41.720 | INFO | Snapshot : 1848.7% / 164T / 31.1G
| 20260505 16:16:46.721 | INFO | Snapshot : 1948.4% / 164T / 31.3G
| 20260505 16:16:51.720 | INFO | Snapshot : 1979.5% / 164T / 31.5G
| 20260505 16:16:56.720 | INFO | Snapshot : 1903.1% / 164T / 31.5G
| 20260505 16:17:01.719 | INFO | Snapshot : 1870.5% / 164T / 31.2G
| 20260505 16:17:06.719 | INFO | Snapshot : 1974.3% / 164T / 30.8G
| 20260505 16:17:11.720 | INFO | Snapshot : 1930.3% / 164T / 31.4G
| 20260505 16:17:16.720 | INFO | Snapshot : 1927.1% / 164T / 31.3G
| 20260505 16:17:21.725 | INFO | Snapshot : 1921.3% / 164T / 31.5G
| 20260505 16:17:26.720 | INFO | Snapshot : 1976.7% / 164T / 31.1G
| 20260505 16:17:31.720 | INFO | Snapshot : 1988.3% / 164T / 30.8G
| 20260505 16:17:36.728 | INFO | Snapshot : 1952.0% / 164T / 31.3G
| 20260505 16:17:41.720 | INFO | Snapshot : 1939.6% / 164T / 30.9G
| 20260505 16:17:46.730 | INFO | Snapshot : 1801.2% / 164T / 30.9G
| 20260505 16:17:51.720 | INFO | Snapshot : 1877.9% / 164T / 30.8G
| 20260505 16:17:56.721 | INFO | Snapshot : 1902.0% / 164T / 31.1G
| 20260505 16:18:01.720 | INFO | Snapshot : 1839.2% / 164T / 31.1G
| 20260505 16:18:06.720 | INFO | Snapshot : 1913.7% / 164T / 30.8G
| 20260505 16:18:11.719 | INFO | Snapshot : 1861.3% / 164T / 30.9G
| 20260505 16:18:16.721 | INFO | Snapshot : 1924.5% / 164T / 30.4G
| 20260505 16:18:21.720 | INFO | Snapshot : 1862.3% / 164T / 31.1G
| 20260505 16:18:26.720 | INFO | Snapshot : 1894.3% / 164T / 30.8G
| 20260505 16:18:31.719 | INFO | Snapshot : 1960.7% / 164T / 30.7G
| 20260505 16:18:36.720 | INFO | Snapshot : 1902.7% / 164T / 30.9G
| 20260505 16:18:41.720 | INFO | Snapshot : 1861.9% / 164T / 30.8G
| 20260505 16:18:46.720 | INFO | Snapshot : 1914.7% / 164T / 30.9G
| 20260505 16:18:51.720 | INFO | Snapshot : 1960.5% / 164T / 31.0G
| 20260505 16:18:56.719 | INFO | Snapshot : 2030.5% / 164T / 30.9G
| 20260505 16:19:01.720 | INFO | Snapshot : 1980.3% / 164T / 31.4G
| 20260505 16:19:06.720 | INFO | Snapshot : 2042.9% / 164T / 31.2G
| 20260505 16:19:11.720 | INFO | Snapshot : 1959.9% / 164T / 31.2G
| 20260505 16:19:16.726 | INFO | Snapshot : 1860.5% / 164T / 31.1G
| 20260505 16:19:21.719 | INFO | Snapshot : 1907.8% / 164T / 31.0G
| 20260505 16:19:26.720 | INFO | Snapshot : 1923.1% / 164T / 31.1G
| 20260505 16:19:31.720 | INFO | Snapshot : 1929.3% / 164T / 31.2G
| 20260505 16:19:36.721 | INFO | Snapshot : 1915.9% / 164T / 30.9G
| 20260505 16:19:41.720 | INFO | Snapshot : 1863.0% / 164T / 31.4G
| 20260505 16:19:46.719 | INFO | Snapshot : 1887.5% / 164T / 31.1G
| 20260505 16:19:51.720 | INFO | Snapshot : 1936.9% / 164T / 30.9G
| 20260505 16:19:56.720 | INFO | Snapshot : 1880.9% / 164T / 30.9G
| 20260505 16:20:01.720 | INFO | Snapshot : 1894.9% / 164T / 30.6G
| 20260505 16:20:06.720 | INFO | Snapshot : 1931.9% / 164T / 30.9G
| 20260505 16:20:11.719 | INFO | Snapshot : 1897.5% / 164T / 30.8G
| 20260505 16:20:16.720 | INFO | Snapshot : 1959.7% / 164T / 31.0G
| 20260505 16:20:21.720 | INFO | Snapshot : 1964.5% / 164T / 30.8G
| 20260505 16:20:26.720 | INFO | Snapshot : 1959.5% / 164T / 31.2G
| 20260505 16:20:31.719 | INFO | Snapshot : 1981.7% / 164T / 31.3G
| 20260505 16:20:36.719 | INFO | Snapshot : 1995.1% / 164T / 31.3G
| 20260505 16:20:41.720 | INFO | Snapshot : 1978.9% / 164T / 30.8G
| 20260505 16:20:46.720 | INFO | Snapshot : 2038.3% / 164T / 31.3G
| 20260505 16:20:51.720 | INFO | Snapshot : 1992.3% / 164T / 30.8G
| 20260505 16:20:56.719 | INFO | Snapshot : 1966.5% / 164T / 30.9G
| 20260505 16:21:01.719 | INFO | Snapshot : 1884.5% / 164T / 30.7G
| 20260505 16:21:06.720 | INFO | Snapshot : 1931.1% / 164T / 30.7G
| 20260505 16:21:11.720 | INFO | Snapshot : 1914.5% / 164T / 30.4G
| 20260505 16:21:16.720 | INFO | Snapshot : 1953.7% / 164T / 30.9G
| 20260505 16:21:21.719 | INFO | Snapshot : 1855.5% / 164T / 30.8G
| 20260505 16:21:26.719 | INFO | Snapshot : 1953.3% / 164T / 30.9G
| 20260505 16:21:31.720 | INFO | Snapshot : 1907.5% / 164T / 31.0G
| 20260505 16:21:36.720 | INFO | Snapshot : 1956.9% / 164T / 30.6G
| 20260505 16:21:41.720 | INFO | Snapshot : 1910.7% / 164T / 30.7G
| 20260505 16:21:46.719 | INFO | Snapshot : 2019.7% / 164T / 31.0G
| 20260505 16:21:51.720 | INFO | Snapshot : 1982.1% / 164T / 30.9G
| 20260505 16:21:56.720 | INFO | Snapshot : 2015.7% / 164T / 30.9G
| 20260505 16:22:01.720 | INFO | Snapshot : 1955.5% / 164T / 30.8G
| 20260505 16:22:06.721 | INFO | Snapshot : 2045.7% / 164T / 30.8G
| 20260505 16:22:11.721 | INFO | Snapshot : 1989.8% / 164T / 31.1G
| 20260505 16:22:16.721 | INFO | Snapshot : 2023.5% / 164T / 31.0G
| 20260505 16:22:21.720 | INFO | Snapshot : 1957.8% / 164T / 31.0G
| 20260505 16:22:26.720 | INFO | Snapshot : 2057.3% / 164T / 30.9G
| 20260505 16:22:31.720 | INFO | Snapshot : 1999.1% / 164T / 30.7G
| 20260505 16:22:36.720 | INFO | Snapshot : 1908.8% / 164T / 30.8G
| 20260505 16:22:41.720 | INFO | Snapshot : 1926.7% / 164T / 31.2G
| 20260505 16:22:46.720 | INFO | Snapshot : 1951.1% / 164T / 30.9G
| 20260505 16:22:51.720 | INFO | Snapshot : 1889.5% / 164T / 30.9G
| 20260505 16:22:56.720 | INFO | Snapshot : 1907.3% / 164T / 30.8G
| 20260505 16:23:01.720 | INFO | Snapshot : 1928.3% / 164T / 30.7G
| 20260505 16:23:06.720 | INFO | Snapshot : 1908.9% / 164T / 29.6G
| 20260505 16:23:11.719 | INFO | Snapshot : 1869.7% / 164T / 31.0G
| 20260505 16:23:16.719 | INFO | Snapshot : 1895.1% / 164T / 30.0G
| 20260505 16:23:21.720 | INFO | Snapshot : 1979.3% / 164T / 30.9G
| 20260505 16:23:26.723 | INFO | Snapshot : 1906.3% / 164T / 30.7G
| 20260505 16:23:31.721 | INFO | Snapshot : 1953.7% / 164T / 30.7G
| 20260505 16:23:36.720 | INFO | Snapshot : 2019.2% / 164T / 30.8G
| 20260505 16:23:41.720 | INFO | Snapshot : 1911.9% / 164T / 30.9G
| 20260505 16:23:46.720 | INFO | Snapshot : 1985.5% / 164T / 31.0G
| 20260505 16:23:51.719 | INFO | Snapshot : 2048.5% / 164T / 31.0G
| 20260505 16:23:56.726 | INFO | Snapshot : 1947.0% / 164T / 31.0G
| 20260505 16:24:01.720 | INFO | Snapshot : 1940.5% / 164T / 30.6G
| 20260505 16:24:06.719 | INFO | Snapshot : 1891.5% / 164T / 30.7G
| 20260505 16:24:11.721 | INFO | Snapshot : 1888.7% / 164T / 30.5G
| 20260505 16:24:16.720 | INFO | Snapshot : 1856.5% / 164T / 30.8G
| 20260505 16:24:21.720 | INFO | Snapshot : 1967.5% / 164T / 30.3G
| 20260505 16:24:26.719 | INFO | Snapshot : 1901.5% / 164T / 30.7G
| 20260505 16:24:31.720 | INFO | Snapshot : 1896.5% / 164T / 30.6G
| 20260505 16:24:36.720 | INFO | Snapshot : 1977.1% / 164T / 30.1G
| 20260505 16:24:41.720 | INFO | Snapshot : 2005.9% / 164T / 30.1G
| 20260505 16:24:46.721 | INFO | Snapshot : 1888.1% / 164T / 30.4G
| 20260505 16:24:51.720 | INFO | Snapshot : 1892.7% / 164T / 30.6G
| 20260505 16:24:56.720 | INFO | Snapshot : 1961.3% / 164T / 30.6G
| 20260505 16:25:01.719 | INFO | Snapshot : 1985.5% / 164T / 30.6G
| 20260505 16:25:06.720 | INFO | Snapshot : 1922.7% / 164T / 30.4G
| 20260505 16:25:11.720 | INFO | Snapshot : 1941.7% / 164T / 30.8G
| 20260505 16:25:16.720 | INFO | Snapshot : 1955.3% / 164T / 30.4G
| 20260505 16:25:21.720 | INFO | Snapshot : 1945.7% / 164T / 31.0G
| 20260505 16:25:26.720 | INFO | Snapshot : 2071.2% / 164T / 30.5G
| 20260505 16:25:31.721 | INFO | Snapshot : 2003.3% / 164T / 30.5G
| 20260505 16:25:36.720 | INFO | Snapshot : 2073.1% / 164T / 30.6G
| 20260505 16:25:41.721 | INFO | Snapshot : 2145.0% / 164T / 30.7G
| 20260505 16:25:46.720 | INFO | Snapshot : 2062.3% / 164T / 30.8G
| 20260505 16:25:51.720 | INFO | Snapshot : 2005.5% / 164T / 30.6G
| 20260505 16:25:56.724 | INFO | Snapshot : 1947.6% / 164T / 30.6G
| 20260505 16:26:01.720 | INFO | Snapshot : 2042.8% / 164T / 30.3G
| 20260505 16:26:06.728 | INFO | Snapshot : 1950.6% / 164T / 30.4G
| 20260505 16:26:11.720 | INFO | Snapshot : 1995.9% / 164T / 30.4G
| 20260505 16:26:16.721 | INFO | Snapshot : 1983.9% / 164T / 30.1G
| 20260505 16:26:21.720 | INFO | Snapshot : 2025.5% / 164T / 30.2G
| 20260505 16:26:26.720 | INFO | Snapshot : 2026.5% / 164T / 30.5G
| 20260505 16:26:31.720 | INFO | Snapshot : 2081.5% / 164T / 30.3G
| 20260505 16:26:36.725 | INFO | Snapshot : 2109.1% / 164T / 30.2G
| 20260505 16:26:41.720 | INFO | Snapshot : 2070.6% / 164T / 30.5G
| 20260505 16:26:46.720 | INFO | Snapshot : 2022.9% / 164T / 30.3G
| 20260505 16:26:51.720 | INFO | Snapshot : 2046.5% / 164T / 30.2G
| 20260505 16:26:56.720 | INFO | Snapshot : 2155.1% / 164T / 29.6G
| 20260505 16:27:01.720 | INFO | Snapshot : 2159.7% / 164T / 30.4G
| 20260505 16:27:06.720 | INFO | Snapshot : 2094.2% / 164T / 30.2G
| 20260505 16:27:11.720 | INFO | Snapshot : 2100.7% / 164T / 30.6G
| 20260505 16:27:16.720 | INFO | Snapshot : 2125.9% / 164T / 30.3G
| 20260505 16:27:21.719 | INFO | Snapshot : 2159.3% / 164T / 30.0G
| 20260505 16:27:26.729 | INFO | Snapshot : 2094.8% / 164T / 30.1G
| 20260505 16:27:31.720 | INFO | Snapshot : 2038.4% / 164T / 30.1G
| 20260505 16:27:36.720 | INFO | Snapshot : 2055.9% / 164T / 30.0G
| 20260505 16:27:41.719 | INFO | Snapshot : 2121.3% / 164T / 30.1G
| 20260505 16:27:46.728 | INFO | Snapshot : 2054.8% / 164T / 29.5G
| 20260505 16:27:51.720 | INFO | Snapshot : 2162.4% / 164T / 30.1G
| 20260505 16:27:56.728 | INFO | Snapshot : 2177.8% / 164T / 29.7G
| 20260505 16:28:01.720 | INFO | Snapshot : 2153.4% / 164T / 29.4G
| 20260505 16:28:06.722 | INFO | Snapshot : 2151.8% / 164T / 30.0G
| 20260505 16:28:11.720 | INFO | Snapshot : 2179.4% / 164T / 29.8G
| 20260505 16:28:16.721 | INFO | Snapshot : 2232.5% / 164T / 30.1G
| 20260505 16:28:21.720 | INFO | Snapshot : 2260.2% / 164T / 29.8G
| 20260505 16:28:26.721 | INFO | Snapshot : 2341.2% / 164T / 29.6G
| 20260505 16:28:31.729 | INFO | Snapshot : 2208.3% / 164T / 29.8G
| 20260505 16:28:36.720 | INFO | Snapshot : 2241.3% / 164T / 30.1G
| 20260505 16:28:41.720 | INFO | Snapshot : 2137.9% / 164T / 30.0G
| 20260505 16:28:46.720 | INFO | Snapshot : 2062.9% / 164T / 29.1G
| 20260505 16:28:51.721 | INFO | Snapshot : 2002.8% / 164T / 29.2G
| 20260505 16:28:56.723 | INFO | Snapshot : 2120.8% / 164T / 29.5G
| 20260505 16:29:01.724 | INFO | Snapshot : 2024.4% / 164T / 28.7G
| 20260505 16:29:06.721 | INFO | Snapshot : 2273.0% / 164T / 28.5G
| 20260505 16:29:11.727 | INFO | Snapshot : 2268.3% / 164T / 29.0G
| 20260505 16:29:16.726 | INFO | Snapshot : 2262.9% / 164T / 28.7G
| 20260505 16:29:21.729 | INFO | Snapshot : 2318.0% / 164T / 28.9G
| 20260505 16:29:26.721 | INFO | Snapshot : 2369.6% / 164T / 28.9G
| 20260505 16:29:31.725 | INFO | Snapshot : 2366.9% / 164T / 29.3G
| 20260505 16:29:36.720 | INFO | Snapshot : 2352.9% / 164T / 29.0G
| 20260505 16:29:41.723 | INFO | Snapshot : 2369.9% / 164T / 29.5G
| 20260505 16:29:46.730 | INFO | Snapshot : 2326.7% / 164T / 29.4G
| 20260505 16:29:51.731 | INFO | Snapshot : 2356.3% / 164T / 29.4G
| 20260505 16:29:56.720 | INFO | Snapshot : 2420.2% / 164T / 29.3G
| 20260505 16:30:01.729 | INFO | Snapshot : 2330.1% / 164T / 28.8G
| 20260505 16:30:06.721 | INFO | Snapshot : 2242.8% / 164T / 29.0G
| 20260505 16:30:11.721 | INFO | Snapshot : 2181.0% / 164T / 29.2G
| 20260505 16:30:16.721 | INFO | Snapshot : 2127.2% / 164T / 29.0G
| 20260505 16:30:21.727 | INFO | Snapshot : 2161.8% / 164T / 28.7G
| 20260505 16:30:26.720 | INFO | Snapshot : 2225.4% / 164T / 28.4G
| 20260505 16:30:31.727 | INFO | Snapshot : 2265.7% / 164T / 28.5G
| 20260505 16:30:36.728 | INFO | Snapshot : 2216.2% / 164T / 28.3G
| 20260505 16:30:41.725 | INFO | Snapshot : 2244.9% / 164T / 28.7G
| 20260505 16:30:46.730 | INFO | Snapshot : 2117.3% / 164T / 28.2G
| 20260505 16:30:51.731 | INFO | Snapshot : 1847.6% / 164T / 28.3G
| 20260505 16:30:56.730 | INFO | Snapshot : 1811.6% / 164T / 28.3G
| 20260505 16:31:01.722 | INFO | Snapshot : 1800.7% / 164T / 28.0G
| 20260505 16:31:06.726 | INFO | Snapshot : 1808.6% / 164T / 28.2G
| 20260505 16:31:11.764 | INFO | Snapshot : 1785.6% / 164T / 28.1G
| 20260505 16:31:16.726 | INFO | Snapshot : 1785.6% / 164T / 28.1G
| 20260505 16:31:21.731 | INFO | Snapshot : 1785.4% / 164T / 28.3G
| 20260505 16:31:26.720 | INFO | Snapshot : 1785.1% / 164T / 28.2G
| 20260505 16:31:31.727 | INFO | Snapshot : 1791.8% / 164T / 28.1G
| 20260505 16:31:36.720 | INFO | Snapshot : 1807.7% / 164T / 27.9G
| 20260505 16:31:41.720 | INFO | Snapshot : 1927.5% / 164T / 27.8G
| 20260505 16:31:46.719 | INFO | Snapshot : 1883.1% / 164T / 28.1G
| 20260505 16:31:51.719 | INFO | Snapshot : 1866.1% / 164T / 28.1G
| 20260505 16:31:56.726 | INFO | Snapshot : 1891.6% / 164T / 28.1G
| 20260505 16:32:01.726 | INFO | Snapshot : 1919.0% / 164T / 27.8G
| 20260505 16:32:06.720 | INFO | Snapshot : 1918.8% / 164T / 28.0G
| 20260505 16:32:11.723 | INFO | Snapshot : 1993.9% / 164T / 27.9G
| 20260505 16:32:16.731 | INFO | Snapshot : 1942.5% / 164T / 28.0G
| 20260505 16:32:21.720 | INFO | Snapshot : 1907.3% / 164T / 27.7G
| 20260505 16:32:26.723 | INFO | Snapshot : 1923.7% / 164T / 27.6G
| 20260505 16:32:31.728 | INFO | Snapshot : 1895.5% / 164T / 27.5G
| 20260505 16:32:36.730 | INFO | Snapshot : 1817.9% / 164T / 27.5G
| 20260505 16:32:41.720 | INFO | Snapshot : 1816.6% / 164T / 27.6G
| 20260505 16:32:46.725 | INFO | Snapshot : 1829.8% / 164T / 27.6G
| 20260505 16:32:51.720 | INFO | Snapshot : 1847.8% / 164T / 27.7G
| 20260505 16:32:56.730 | INFO | Snapshot : 1831.0% / 164T / 27.5G
| 20260505 16:33:01.720 | INFO | Snapshot : 1822.4% / 164T / 27.6G
| 20260505 16:33:06.724 | INFO | Snapshot : 1817.2% / 164T / 27.6G
| 20260505 16:33:11.728 | INFO | Snapshot : 1829.3% / 164T / 27.5G
| 20260505 16:33:16.729 | INFO | Snapshot : 1830.0% / 164T / 27.6G
| 20260505 16:33:21.727 | INFO | Snapshot : 1823.9% / 164T / 27.5G
| 20260505 16:33:26.720 | INFO | Snapshot : 1812.9% / 164T / 27.6G
| 20260505 16:33:31.728 | INFO | Snapshot : 1810.0% / 164T / 27.7G
| 20260505 16:33:36.723 | INFO | Snapshot : 1815.6% / 164T / 27.6G
| 20260505 16:33:41.720 | INFO | Snapshot : 1801.0% / 164T / 27.8G
| 20260505 16:33:46.731 | INFO | Snapshot : 1806.9% / 164T / 27.8G
| 20260505 16:33:51.728 | INFO | Snapshot : 1838.1% / 164T / 27.6G
| 20260505 16:33:56.720 | INFO | Snapshot : 1821.4% / 164T / 27.6G
| 20260505 16:34:01.720 | INFO | Snapshot : 1818.3% / 164T / 27.6G
| 20260505 16:34:06.727 | INFO | Snapshot : 1823.2% / 164T / 27.7G
| 20260505 16:34:11.728 | INFO | Snapshot : 1819.6% / 164T / 27.7G
| 20260505 16:34:16.720 | INFO | Snapshot : 1803.2% / 164T / 27.5G
| 20260505 16:34:21.731 | INFO | Snapshot : 1873.0% / 164T / 27.5G
| 20260505 16:34:26.720 | INFO | Snapshot : 1802.7% / 164T / 27.5G
| 20260505 16:34:31.728 | INFO | Snapshot : 1816.6% / 164T / 27.5G
| 20260505 16:34:36.729 | INFO | Snapshot : 1824.0% / 164T / 27.5G
| 20260505 16:34:41.727 | INFO | Snapshot : 1861.7% / 164T / 27.5G
| 20260505 16:34:46.726 | INFO | Snapshot : 1878.2% / 164T / 27.5G
| 20260505 16:34:51.720 | INFO | Snapshot : 1860.4% / 164T / 27.5G
| 20260505 16:34:56.731 | INFO | Snapshot : 1844.6% / 164T / 27.6G
| 20260505 16:35:01.720 | INFO | Snapshot : 1880.7% / 164T / 27.5G
| 20260505 16:35:06.731 | INFO | Snapshot : 1860.6% / 164T / 27.5G
| 20260505 16:35:11.720 | INFO | Snapshot : 1865.4% / 164T / 27.6G
| 20260505 16:35:16.729 | INFO | Snapshot : 1847.1% / 164T / 27.5G
| 20260505 16:35:21.720 | INFO | Snapshot : 1814.6% / 164T / 27.6G
| 20260505 16:35:26.724 | INFO | Snapshot : 1836.8% / 164T / 27.5G
| 20260505 16:35:31.728 | INFO | Snapshot : 1850.7% / 164T / 27.5G
| 20260505 16:35:36.720 | INFO | Snapshot : 1850.3% / 164T / 27.5G
| 20260505 16:35:41.720 | INFO | Snapshot : 1826.3% / 164T / 27.5G
| 20260505 16:35:46.729 | INFO | Snapshot : 1861.6% / 164T / 27.5G
| 20260505 16:35:51.728 | INFO | Snapshot : 1817.4% / 164T / 27.5G
| 20260505 16:35:56.720 | INFO | Snapshot : 1839.5% / 164T / 27.5G
| 20260505 16:36:01.720 | INFO | Snapshot : 1847.7% / 164T / 27.5G
| 20260505 16:36:06.720 | INFO | Snapshot : 1828.3% / 164T / 27.5G
| 20260505 16:36:11.719 | INFO | Snapshot : 1815.3% / 164T / 27.5G
| 20260505 16:36:16.720 | INFO | Snapshot : 1785.9% / 164T / 27.5G
| 20260505 16:36:21.727 | INFO | Snapshot : 1786.3% / 164T / 27.5G
| 20260505 16:36:26.729 | INFO | Snapshot : 1805.5% / 164T / 27.5G
| 20260505 16:36:31.728 | INFO | Snapshot : 1804.6% / 164T / 27.5G
| 20260505 16:36:36.727 | INFO | Snapshot : 1839.6% / 164T / 27.5G
| 20260505 16:36:41.726 | INFO | Snapshot : 1837.6% / 164T / 27.5G
| 20260505 16:36:46.720 | INFO | Snapshot : 1825.3% / 164T / 27.5G
| 20260505 16:36:51.728 | INFO | Snapshot : 1853.7% / 164T / 27.5G
| 20260505 16:36:56.720 | INFO | Snapshot : 1816.4% / 164T / 27.5G
| 20260505 16:37:01.720 | INFO | Snapshot : 1824.1% / 164T / 27.5G
| 20260505 16:37:06.724 | INFO | Snapshot : 1831.3% / 164T / 27.5G
| 20260505 16:37:11.728 | INFO | Snapshot : 1836.5% / 164T / 27.5G
| 20260505 16:37:16.729 | INFO | Snapshot : 1828.8% / 164T / 27.5G
| 20260505 16:37:21.731 | INFO | Snapshot : 1826.5% / 164T / 27.5G
| 20260505 16:37:26.736 | INFO | Snapshot : 1869.3% / 164T / 27.5G
| 20260505 16:37:31.720 | INFO | Snapshot : 1903.4% / 164T / 27.5G
| 20260505 16:37:36.720 | INFO | Snapshot : 1867.3% / 164T / 27.5G
| 20260505 16:37:41.720 | INFO | Snapshot : 1837.1% / 164T / 27.5G
| 20260505 16:37:46.730 | INFO | Snapshot : 1851.7% / 164T / 27.5G
| 20260505 16:37:51.730 | INFO | Snapshot : 1846.2% / 164T / 27.5G
| 20260505 16:37:56.720 | INFO | Snapshot : 1846.0% / 164T / 27.5G
| 20260505 16:38:01.730 | INFO | Snapshot : 1855.8% / 164T / 27.5G
| 20260505 16:38:06.720 | INFO | Snapshot : 1945.6% / 164T / 27.5G
| 20260505 16:38:11.728 | INFO | Snapshot : 1873.5% / 164T / 27.5G
| 20260505 16:38:16.728 | INFO | Snapshot : 1868.4% / 164T / 27.5G
| 20260505 16:38:21.731 | INFO | Snapshot : 1855.3% / 164T / 27.5G
| 20260505 16:38:26.731 | INFO | Snapshot : 1828.0% / 164T / 27.5G
| 20260505 16:38:31.728 | INFO | Snapshot : 1833.1% / 164T / 27.5G
| 20260505 16:38:36.729 | INFO | Snapshot : 1851.4% / 164T / 27.5G
| 20260505 16:38:41.729 | INFO | Snapshot : 1831.8% / 164T / 27.5G
| 20260505 16:38:46.721 | INFO | Snapshot : 1848.2% / 164T / 27.5G
| 20260505 16:38:51.731 | INFO | Snapshot : 1791.8% / 164T / 27.5G
| 20260505 16:38:56.730 | INFO | Snapshot : 1790.6% / 164T / 27.5G
| 20260505 16:39:01.725 | INFO | Snapshot : 1805.6% / 164T / 27.5G
| 20260505 16:39:06.727 | INFO | Snapshot : 1808.3% / 164T / 27.5G
| 20260505 16:39:11.720 | INFO | Snapshot : 1797.0% / 164T / 27.5G
| 20260505 16:39:16.729 | INFO | Snapshot : 1868.5% / 164T / 27.5G
| 20260505 16:39:21.728 | INFO | Snapshot : 1874.4% / 164T / 27.5G
| 20260505 16:39:26.731 | INFO | Snapshot : 1902.9% / 164T / 27.5G
| 20260505 16:39:31.720 | INFO | Snapshot : 1939.4% / 164T / 27.5G
| 20260505 16:39:36.720 | INFO | Snapshot : 1896.5% / 164T / 27.5G
| 20260505 16:39:41.730 | INFO | Snapshot : 1879.6% / 164T / 27.5G
| 20260505 16:39:46.730 | INFO | Snapshot : 1867.0% / 164T / 27.5G
| 20260505 16:39:51.728 | INFO | Snapshot : 1973.6% / 164T / 27.5G
| 20260505 16:39:56.731 | INFO | Snapshot : 1945.0% / 164T / 27.5G
| 20260505 16:40:01.730 | INFO | Snapshot : 1975.8% / 164T / 27.5G
| 20260505 16:40:06.720 | INFO | Snapshot : 1888.1% / 164T / 27.5G
| 20260505 16:40:11.728 | INFO | Snapshot : 1887.4% / 164T / 27.5G
| 20260505 16:40:16.720 | INFO | Snapshot : 1826.7% / 164T / 27.5G
| 20260505 16:40:21.731 | INFO | Snapshot : 1804.9% / 164T / 27.5G
| 20260505 16:40:26.720 | INFO | Snapshot : 1834.4% / 164T / 27.5G
| 20260505 16:40:31.731 | INFO | Snapshot : 1816.7% / 164T / 27.5G
| 20260505 16:40:36.729 | INFO | Snapshot : 1829.5% / 164T / 27.5G
| 20260505 16:40:41.728 | INFO | Snapshot : 1852.6% / 164T / 27.5G
| 20260505 16:40:46.720 | INFO | Snapshot : 1806.8% / 164T / 27.5G
| 20260505 16:40:51.720 | INFO | Snapshot : 1838.3% / 164T / 27.5G
| 20260505 16:40:56.720 | INFO | Snapshot : 1868.3% / 164T / 27.5G
| 20260505 16:41:01.719 | INFO | Snapshot : 1895.3% / 164T / 27.5G
| 20260505 16:41:06.720 | INFO | Snapshot : 1881.9% / 164T / 27.5G
| 20260505 16:41:11.720 | INFO | Snapshot : 1940.9% / 164T / 27.5G
| 20260505 16:41:16.720 | INFO | Snapshot : 1949.1% / 164T / 27.5G
| 20260505 16:41:21.720 | INFO | Snapshot : 1903.7% / 164T / 27.5G
| 20260505 16:41:26.719 | INFO | Snapshot : 1824.1% / 164T / 27.5G
| 20260505 16:41:31.728 | INFO | Snapshot : 1891.8% / 164T / 27.5G
| 20260505 16:41:36.729 | INFO | Snapshot : 1890.2% / 164T / 27.5G
| 20260505 16:41:41.720 | INFO | Snapshot : 1887.3% / 164T / 27.5G
| 20260505 16:41:46.725 | INFO | Snapshot : 2017.0% / 164T / 27.5G
| 20260505 16:41:51.728 | INFO | Snapshot : 1885.7% / 164T / 27.5G
| 20260505 16:41:56.729 | INFO | Snapshot : 1945.6% / 164T / 27.5G
| 20260505 16:42:01.729 | INFO | Snapshot : 1940.8% / 164T / 27.5G
| 20260505 16:42:06.720 | INFO | Snapshot : 1865.3% / 164T / 27.5G
| 20260505 16:42:11.728 | INFO | Snapshot : 1994.9% / 164T / 27.5G
| 20260505 16:42:16.720 | INFO | Snapshot : 2021.4% / 164T / 27.5G
| 20260505 16:42:21.720 | INFO | Snapshot : 1856.7% / 164T / 27.5G
| 20260505 16:42:26.729 | INFO | Snapshot : 1895.7% / 164T / 27.5G
| 20260505 16:42:31.727 | INFO | Snapshot : 1936.6% / 164T / 27.5G
| 20260505 16:42:36.729 | INFO | Snapshot : 1831.3% / 164T / 27.5G
| 20260505 16:42:41.730 | INFO | Snapshot : 1898.4% / 164T / 27.5G
| 20260505 16:42:46.721 | INFO | Snapshot : 1920.2% / 164T / 27.5G
| 20260505 16:42:51.725 | INFO | Snapshot : 1930.1% / 164T / 27.5G
| 20260505 16:42:56.731 | INFO | Snapshot : 1844.8% / 164T / 27.5G
| 20260505 16:43:01.727 | INFO | Snapshot : 1810.0% / 164T / 27.5G
| 20260505 16:43:06.720 | INFO | Snapshot : 1895.6% / 164T / 27.5G
| 20260505 16:43:11.725 | INFO | Snapshot : 1809.1% / 164T / 27.5G
| 20260505 16:43:16.720 | INFO | Snapshot : 1827.2% / 164T / 27.5G
| 20260505 16:43:21.720 | INFO | Snapshot : 1840.9% / 164T / 27.5G
| 20260505 16:43:26.731 | INFO | Snapshot : 1800.0% / 164T / 27.5G
| 20260505 16:43:31.720 | INFO | Snapshot : 1853.8% / 164T / 27.5G
| 20260505 16:43:36.731 | INFO | Snapshot : 1853.6% / 164T / 27.5G
| 20260505 16:43:41.727 | INFO | Snapshot : 1803.6% / 164T / 27.5G
| 20260505 16:43:46.730 | INFO | Snapshot : 1863.3% / 164T / 27.5G
| 20260505 16:43:51.728 | INFO | Snapshot : 1861.9% / 164T / 27.5G
| 20260505 16:43:56.729 | INFO | Snapshot : 1894.4% / 164T / 27.5G
| 20260505 16:44:01.720 | INFO | Snapshot : 2128.6% / 164T / 27.5G
| 20260505 16:44:06.720 | INFO | Snapshot : 2176.1% / 164T / 27.5G
| 20260505 16:44:11.728 | INFO | Snapshot : 2139.5% / 164T / 27.5G
| 20260505 16:44:16.730 | INFO | Snapshot : 1877.5% / 164T / 27.5G
| 20260505 16:44:21.728 | INFO | Snapshot : 1838.5% / 164T / 27.5G
| 20260505 16:44:26.722 | INFO | Snapshot : 1811.4% / 164T / 27.5G
| 20260505 16:44:31.723 | INFO | Snapshot : 1800.2% / 164T / 27.5G
| 20260505 16:44:36.720 | INFO | Snapshot : 1797.2% / 164T / 27.5G
| 20260505 16:44:41.729 | INFO | Snapshot : 1828.6% / 164T / 27.5G
| 20260505 16:44:46.731 | INFO | Snapshot : 1809.7% / 164T / 27.5G
| 20260505 16:44:51.720 | INFO | Snapshot : 1870.6% / 164T / 27.5G
| 20260505 16:44:56.720 | INFO | Snapshot : 1871.3% / 164T / 27.5G
| 20260505 16:45:01.726 | INFO | Snapshot : 1971.4% / 164T / 27.5G
| 20260505 16:45:06.727 | INFO | Snapshot : 1975.4% / 164T / 27.5G
| 20260505 16:45:11.727 | INFO | Snapshot : 1852.2% / 164T / 27.5G
| 20260505 16:45:16.720 | INFO | Snapshot : 1882.4% / 164T / 27.5G
| 20260505 16:45:21.720 | INFO | Snapshot : 1874.9% / 164T / 27.5G
| 20260505 16:45:26.720 | INFO | Snapshot : 1843.7% / 164T / 27.5G
| 20260505 16:45:31.728 | INFO | Snapshot : 1908.6% / 164T / 27.5G
| 20260505 16:45:36.720 | INFO | Snapshot : 1832.1% / 164T / 27.5G
| 20260505 16:45:41.720 | INFO | Snapshot : 1845.1% / 164T / 27.5G
| 20260505 16:45:46.730 | INFO | Snapshot : 1917.1% / 164T / 27.5G
| 20260505 16:45:51.730 | INFO | Snapshot : 1822.0% / 164T / 27.5G
| 20260505 16:45:56.731 | INFO | Snapshot : 1800.4% / 164T / 27.5G
| 20260505 16:46:01.726 | INFO | Snapshot : 1828.0% / 164T / 27.5G
| 20260505 16:46:06.723 | INFO | Snapshot : 1854.7% / 164T / 27.5G
| 20260505 16:46:11.720 | INFO | Snapshot : 1810.8% / 164T / 27.5G
| 20260505 16:46:16.720 | INFO | Snapshot : 1821.9% / 164T / 27.5G
| 20260505 16:46:21.719 | INFO | Snapshot : 1844.9% / 164T / 27.5G
| 20260505 16:46:26.728 | INFO | Snapshot : 1829.5% / 164T / 27.5G
| 20260505 16:46:31.729 | INFO | Snapshot : 1824.4% / 164T / 27.5G
| 20260505 16:46:36.727 | INFO | Snapshot : 1810.1% / 164T / 27.5G
| 20260505 16:46:41.720 | INFO | Snapshot : 1841.1% / 164T / 27.5G
| 20260505 16:46:46.728 | INFO | Snapshot : 2088.3% / 164T / 27.5G
| 20260505 16:46:51.720 | INFO | Snapshot : 2334.4% / 164T / 27.5G
| 20260505 16:46:56.721 | INFO | Snapshot : 2326.2% / 164T / 27.5G
| 20260505 16:47:01.720 | INFO | Snapshot : 2243.2% / 164T / 27.5G
| 20260505 16:47:06.729 | INFO | Snapshot : 1989.1% / 164T / 27.5G
| 20260505 16:47:11.730 | INFO | Snapshot : 1938.2% / 164T / 27.5G
| 20260505 16:47:16.724 | INFO | Snapshot : 1875.1% / 164T / 27.5G
| 20260505 16:47:21.720 | INFO | Snapshot : 1825.8% / 164T / 27.5G
| 20260505 16:47:26.720 | INFO | Snapshot : 1804.1% / 164T / 27.5G
| 20260505 16:47:31.720 | INFO | Snapshot : 1809.3% / 164T / 27.5G
| 20260505 16:47:36.730 | INFO | Snapshot : 1800.0% / 164T / 27.5G
| 20260505 16:47:41.720 | INFO | Snapshot : 1791.5% / 164T / 27.5G
| 20260505 16:47:46.720 | INFO | Snapshot : 1797.7% / 164T / 27.5G
| 20260505 16:47:51.734 | INFO | Snapshot : 1822.8% / 164T / 27.5G
| 20260505 16:47:56.725 | INFO | Snapshot : 1812.7% / 164T / 27.5G
| 20260505 16:48:01.723 | INFO | Snapshot : 1812.3% / 164T / 27.5G
| 20260505 16:48:06.720 | INFO | Snapshot : 1881.7% / 164T / 27.5G
| 20260505 16:48:11.728 | INFO | Snapshot : 1857.1% / 164T / 27.5G
| 20260505 16:48:16.728 | INFO | Snapshot : 1861.8% / 164T / 27.5G
| 20260505 16:48:21.731 | INFO | Snapshot : 1876.7% / 164T / 27.5G
| 20260505 16:48:26.720 | INFO | Snapshot : 1801.7% / 164T / 27.5G
| 20260505 16:48:31.720 | INFO | Snapshot : 1814.5% / 164T / 27.5G
| 20260505 16:48:36.723 | INFO | Snapshot : 1809.2% / 164T / 27.5G
| 20260505 16:48:41.728 | INFO | Snapshot : 1847.4% / 164T / 27.5G
| 20260505 16:48:46.720 | INFO | Snapshot : 1825.1% / 164T / 27.5G
| 20260505 16:48:51.720 | INFO | Snapshot : 1871.3% / 164T / 27.5G
| 20260505 16:48:56.729 | INFO | Snapshot : 1964.6% / 164T / 27.5G
| 20260505 16:49:01.731 | INFO | Snapshot : 2120.2% / 164T / 27.5G
| 20260505 16:49:06.720 | INFO | Snapshot : 2363.7% / 164T / 27.5G
| 20260505 16:49:11.730 | INFO | Snapshot : 2320.8% / 164T / 27.5G
| 20260505 16:49:16.728 | INFO | Snapshot : 2284.5% / 164T / 27.5G
| 20260505 16:49:21.720 | INFO | Snapshot : 2197.6% / 164T / 27.5G
| 20260505 16:49:26.725 | INFO | Snapshot : 2055.2% / 164T / 27.5G
| 20260505 16:49:31.720 | INFO | Snapshot : 1875.6% / 164T / 27.5G
| 20260505 16:49:36.726 | INFO | Snapshot : 1864.0% / 164T / 27.5G
| 20260505 16:49:41.720 | INFO | Snapshot : 1850.4% / 164T / 27.5G
| 20260505 16:49:46.727 | INFO | Snapshot : 1853.9% / 164T / 27.5G
| 20260505 16:49:51.720 | INFO | Snapshot : 1901.4% / 164T / 27.5G
| 20260505 16:49:56.720 | INFO | Snapshot : 1912.5% / 164T / 27.5G
| 20260505 16:50:01.720 | INFO | Snapshot : 1968.5% / 164T / 27.5G
| 20260505 16:50:06.730 | INFO | Snapshot : 1971.1% / 164T / 27.5G
| 20260505 16:50:11.731 | INFO | Snapshot : 2145.8% / 164T / 27.5G
| 20260505 16:50:16.724 | INFO | Snapshot : 2023.4% / 164T / 27.5G
| 20260505 16:50:21.720 | INFO | Snapshot : 1965.1% / 164T / 27.5G
| 20260505 16:50:26.730 | INFO | Snapshot : 1947.2% / 164T / 27.5G
| 20260505 16:50:31.728 | INFO | Snapshot : 1840.9% / 164T / 27.5G
| 20260505 16:50:36.731 | INFO | Snapshot : 1867.9% / 164T / 27.5G
| 20260505 16:50:41.729 | INFO | Snapshot : 1869.9% / 164T / 27.5G
| 20260505 16:50:46.728 | INFO | Snapshot : 1839.8% / 164T / 27.5G
| 20260505 16:50:51.728 | INFO | Snapshot : 1862.0% / 164T / 27.5G
| 20260505 16:50:56.720 | INFO | Snapshot : 1869.3% / 164T / 27.5G
| 20260505 16:51:01.727 | INFO | Snapshot : 1804.5% / 164T / 27.5G
| 20260505 16:51:06.727 | INFO | Snapshot : 1799.6% / 164T / 27.5G
| 20260505 16:51:11.720 | INFO | Snapshot : 1795.7% / 164T / 27.5G
| 20260505 16:51:16.720 | INFO | Snapshot : 1810.1% / 164T / 27.5G
| 20260505 16:51:21.730 | INFO | Snapshot : 1842.6% / 164T / 27.5G
| 20260505 16:51:26.721 | INFO | Snapshot : 1811.1% / 164T / 27.5G
| 20260505 16:51:31.733 | INFO | Snapshot : 2015.2% / 164T / 27.5G
| 20260505 16:51:36.720 | INFO | Snapshot : 1821.7% / 164T / 27.5G
| 20260505 16:51:41.720 | INFO | Snapshot : 1804.3% / 164T / 27.5G
| 20260505 16:51:46.719 | INFO | Snapshot : 1795.7% / 164T / 27.5G
| 20260505 16:51:51.719 | INFO | Snapshot : 1800.5% / 164T / 27.5G
| 20260505 16:51:56.720 | INFO | Snapshot : 1870.7% / 164T / 27.5G
| 20260505 16:52:01.730 | INFO | Snapshot : 1899.2% / 164T / 27.5G
| 20260505 16:52:06.720 | INFO | Snapshot : 1820.2% / 164T / 27.5G
| 20260505 16:52:11.720 | INFO | Snapshot : 1856.7% / 164T / 27.5G
| 20260505 16:52:16.729 | INFO | Snapshot : 1842.8% / 164T / 27.5G
| 20260505 16:52:21.730 | INFO | Snapshot : 1794.8% / 164T / 27.5G
| 20260505 16:52:26.731 | INFO | Snapshot : 1795.8% / 164T / 27.5G
| 20260505 16:52:31.728 | INFO | Snapshot : 1827.3% / 164T / 27.5G
| 20260505 16:52:36.720 | INFO | Snapshot : 1834.3% / 164T / 27.5G
| 20260505 16:52:41.728 | INFO | Snapshot : 1891.1% / 164T / 27.5G
| 20260505 16:52:46.720 | INFO | Snapshot : 1868.3% / 164T / 27.5G
| 20260505 16:52:51.720 | INFO | Snapshot : 1839.3% / 164T / 27.5G
| 20260505 16:52:56.728 | INFO | Snapshot : 1881.1% / 164T / 27.5G
| 20260505 16:53:01.720 | INFO | Snapshot : 1936.8% / 164T / 27.5G
| 20260505 16:53:06.720 | INFO | Snapshot : 2009.3% / 164T / 27.5G
| 20260505 16:53:11.727 | INFO | Snapshot : 2085.1% / 164T / 27.5G
| 20260505 16:53:16.727 | INFO | Snapshot : 2028.0% / 164T / 27.5G
| 20260505 16:53:21.726 | INFO | Snapshot : 1942.4% / 164T / 27.5G
| 20260505 16:53:26.720 | INFO | Snapshot : 2058.8% / 164T / 27.5G
| 20260505 16:53:31.728 | INFO | Snapshot : 2059.0% / 164T / 27.5G
| 20260505 16:53:36.724 | INFO | Snapshot : 1959.0% / 164T / 27.5G
| 20260505 16:53:41.720 | INFO | Snapshot : 1931.7% / 164T / 27.5G
| 20260505 16:53:46.720 | INFO | Snapshot : 1902.1% / 164T / 27.5G
| 20260505 16:53:51.720 | INFO | Snapshot : 1880.5% / 164T / 27.5G
| 20260505 16:53:56.725 | INFO | Snapshot : 1897.3% / 164T / 27.5G
| 20260505 16:54:01.729 | INFO | Snapshot : 1933.0% / 164T / 27.5G
| 20260505 16:54:06.729 | INFO | Snapshot : 1869.4% / 164T / 27.5G
| 20260505 16:54:11.720 | INFO | Snapshot : 2153.8% / 164T / 27.5G
| 20260505 16:54:16.720 | INFO | Snapshot : 2370.5% / 164T / 27.5G
| 20260505 16:54:21.727 | INFO | Snapshot : 2210.1% / 164T / 27.5G
| 20260505 16:54:26.720 | INFO | Snapshot : 1929.4% / 164T / 27.5G
| 20260505 16:54:31.728 | INFO | Snapshot : 2016.7% / 164T / 27.5G
| 20260505 16:54:36.720 | INFO | Snapshot : 1888.8% / 164T / 27.5G
| 20260505 16:54:41.720 | INFO | Snapshot : 1865.3% / 164T / 27.5G
| 20260505 16:54:46.720 | INFO | Snapshot : 1862.1% / 164T / 27.5G
| 20260505 16:54:51.728 | INFO | Snapshot : 1855.8% / 164T / 27.5G
| 20260505 16:54:56.726 | INFO | Snapshot : 1806.9% / 164T / 27.5G
| 20260505 16:55:01.720 | INFO | Snapshot : 1832.7% / 164T / 27.5G
| 20260505 16:55:06.730 | INFO | Snapshot : 1821.8% / 164T / 27.5G
| 20260505 16:55:11.728 | INFO | Snapshot : 1836.7% / 164T / 27.5G
| 20260505 16:55:16.725 | INFO | Snapshot : 1847.9% / 164T / 27.5G
| 20260505 16:55:21.720 | INFO | Snapshot : 1856.6% / 164T / 27.5G
| 20260505 16:55:26.720 | INFO | Snapshot : 1815.9% / 164T / 27.5G
| 20260505 16:55:31.728 | INFO | Snapshot : 1793.9% / 164T / 27.5G
| 20260505 16:55:36.724 | INFO | Snapshot : 1808.8% / 164T / 27.5G
| 20260505 16:55:41.729 | INFO | Snapshot : 1842.4% / 164T / 27.5G
| 20260505 16:55:46.731 | INFO | Snapshot : 1807.3% / 164T / 27.5G
| 20260505 16:55:51.720 | INFO | Snapshot : 1830.0% / 164T / 27.5G
| 20260505 16:55:56.720 | INFO | Snapshot : 1827.1% / 164T / 27.5G
| 20260505 16:56:01.719 | INFO | Snapshot : 1810.1% / 164T / 27.5G
| 20260505 16:56:06.720 | INFO | Snapshot : 1831.0% / 164T / 27.5G
| 20260505 16:56:11.720 | INFO | Snapshot : 1886.9% / 164T / 27.5G
| 20260505 16:56:16.720 | INFO | Snapshot : 1811.9% / 164T / 27.5G
| 20260505 16:56:21.719 | INFO | Snapshot : 1834.3% / 164T / 27.5G
| 20260505 16:56:26.725 | INFO | Snapshot : 1879.9% / 164T / 27.5G
| 20260505 16:56:31.720 | INFO | Snapshot : 1900.2% / 164T / 27.5G
| 20260505 16:56:36.727 | INFO | Snapshot : 1961.7% / 164T / 27.5G
| 20260505 16:56:41.720 | INFO | Snapshot : 1877.4% / 164T / 27.5G
| 20260505 16:56:46.720 | INFO | Snapshot : 1891.9% / 164T / 27.5G
| 20260505 16:56:51.719 | INFO | Snapshot : 1987.9% / 164T / 27.5G
| 20260505 16:56:56.727 | INFO | Snapshot : 2176.4% / 164T / 27.6G
| 20260505 16:56:59.270 | INFO | Consensus             : 1h 12m 
| 20260505 16:57:01.324 | INFO | Write transcript BAM
| 20260505 16:57:01.721 | INFO | Snapshot : 1082.5% / 84T / 27.5G
| 20260505 16:57:06.720 | INFO | Snapshot : 800.1% / 84T / 27.5G
| 20260505 16:57:11.720 | INFO | Snapshot : 889.2% / 84T / 27.5G
| 20260505 16:57:16.719 | INFO | Snapshot : 830.9% / 84T / 27.5G
| 20260505 16:57:21.720 | INFO | Snapshot : 925.0% / 84T / 27.5G
| 20260505 16:57:26.726 | INFO | Snapshot : 928.1% / 84T / 27.5G
| 20260505 16:57:31.722 | INFO | Snapshot : 839.1% / 84T / 27.6G
| 20260505 16:57:36.720 | INFO | Snapshot : 906.5% / 84T / 27.6G
| 20260505 16:57:41.720 | INFO | Snapshot : 804.0% / 84T / 27.6G
| 20260505 16:57:46.719 | INFO | Snapshot : 826.9% / 84T / 27.6G
| 20260505 16:57:51.720 | INFO | Snapshot : 926.9% / 84T / 27.6G
| 20260505 16:57:56.720 | INFO | Snapshot : 937.8% / 84T / 27.7G
| 20260505 16:58:01.720 | INFO | Snapshot : 1058.0% / 84T / 27.7G
| 20260505 16:58:06.719 | INFO | Snapshot : 1061.8% / 84T / 27.7G
| 20260505 16:58:11.719 | INFO | Snapshot : 1110.5% / 84T / 27.8G
| 20260505 16:58:16.720 | INFO | Snapshot : 1102.2% / 84T / 27.8G
| 20260505 16:58:21.720 | INFO | Snapshot : 1219.0% / 84T / 27.8G
| 20260505 16:58:26.725 | INFO | Snapshot : 1041.0% / 84T / 27.8G
| 20260505 16:58:31.720 | INFO | Snapshot : 1171.8% / 84T / 27.9G
| 20260505 16:58:36.720 | INFO | Snapshot : 644.0% / 165T / 28.1G
| 20260505 16:58:41.720 | INFO | Snapshot : 548.4% / 165T / 28.1G
| 20260505 16:58:45.882 | INFO | Write transcript BAM  : 1m 44s 
| 20260505 16:58:46.719 | INFO | Snapshot : 488.9% / 83T / 27.5G
| 20260505 16:58:47.914 | INFO | Remove temp file      : 1ms 401us 
| 20260505 16:58:51.720 | INFO | Run Time : 2h 23m 591ns 
| 20260505 16:58:51.720 | INFO | CPU Time : 1d 20h 
| 20260505 16:58:51.720 | INFO | Peak RSS : 50.378 GB
| 20260505 16:58:51.720 | INFO | Exit code : 0
Clustered and done
